"Name of tips","Number of mutations"
"M1Dl43_bc1_M04670_35_000000000-JJBBG_1_1102_10464_15410_3",7
"M1Dl43_bc1_M04670_35_000000000-JJBBG_1_1104_17487_15911_5",3
"M1Dl43_bc1_M04670_35_000000000-JJBBG_1_1104_22146_15296_4",2
"M1Dl43_bc1_M04670_35_000000000-JJBBG_1_1105_16811_19317_3",4
"M1Dl43_bc1_M04670_35_000000000-JJBBG_1_1105_21937_14634_3",2
"M1Dl43_bc1_M04670_35_000000000-JJBBG_1_1105_22155_4792_3",4
"M1Dl43_bc1_M04670_35_000000000-JJBBG_1_1105_23332_20362_2",15
"M1Dl43_bc1_M04670_35_000000000-JJBBG_1_1105_27810_9722_3",4
"M1Dl43_bc1_M04670_35_000000000-JJBBG_1_1106_22498_10784_2",3
"M1Dl43_bc1_M04670_35_000000000-JJBBG_1_1106_8545_14651_5",4
"M1Dl43_bc1_M04670_35_000000000-JJBBG_1_1108_13430_15722_2",10
"M1Dl43_bc1_M04670_35_000000000-JJBBG_1_1108_15029_7598_7",2
"M1Dl43_bc1_M04670_35_000000000-JJBBG_1_1108_16393_17742_3",6
"M1Dl43_bc1_M04670_35_000000000-JJBBG_1_1109_11864_15445_3",4
"M1Dl43_bc1_M04670_35_000000000-JJBBG_1_1110_13520_5497_3",8
"M1Dl43_bc1_M04670_35_000000000-JJBBG_1_1110_17383_10362_3",2
"M1Dl43_bc1_M04670_35_000000000-JJBBG_1_1111_16795_7748_7",5
"M1Dl43_bc1_M04670_35_000000000-JJBBG_1_1111_20546_16868_3",2
"M1Dl43_bc1_M04670_35_000000000-JJBBG_1_1111_20920_18752_3",15
"M1Dl43_bc1_M04670_35_000000000-JJBBG_1_1112_11369_13061_2",4
"M1Dl43_bc1_M04670_35_000000000-JJBBG_1_1112_14978_11763_2",5
"M1Dl43_bc1_M04670_35_000000000-JJBBG_1_1112_8832_12682_3",6
"M1Dl43_bc1_M04670_35_000000000-JJBBG_1_1113_13377_20682_2",4
"M1Dl43_bc1_M04670_35_000000000-JJBBG_1_1113_17994_10627_5",4
"M1Dl43_bc1_M04670_35_000000000-JJBBG_1_1113_7852_15126_4",5
"M1Dl43_bc1_M04670_35_000000000-JJBBG_1_1114_10504_5822_2",11
"M1Dl43_bc1_M04670_35_000000000-JJBBG_1_1115_11296_14246_5",3
"M1Dl43_bc1_M04670_35_000000000-JJBBG_1_1115_4036_15553_3",6
"M1Dl43_bc1_M04670_35_000000000-JJBBG_1_1116_14260_16151_3",5
"M1Dl43_bc1_M04670_35_000000000-JJBBG_1_1116_15341_14152_5",1
"M1Dl43_bc1_M04670_35_000000000-JJBBG_1_1116_17866_18151_3",7
"M1Dl43_bc1_M04670_35_000000000-JJBBG_1_1116_5935_13250_3",6
"M1Dl43_bc1_M04670_35_000000000-JJBBG_1_1117_21840_16078_4",9
"M1Dl43_bc1_M04670_35_000000000-JJBBG_1_1117_9206_8628_3",7
"M1Dl43_bc1_M04670_35_000000000-JJBBG_1_1118_11943_20003_6",5
"M1Dl43_bc1_M04670_35_000000000-JJBBG_1_1118_14461_13519_2",2
"M1Dl43_bc1_M04670_35_000000000-JJBBG_1_1118_18326_16450_2",2
"M1Dl43_bc1_M04670_35_000000000-JJBBG_1_1119_17341_12499_5",4
"M1Dl43_bc1_M04670_35_000000000-JJBBG_1_2102_11914_16905_2",6
"M1Dl43_bc1_M04670_35_000000000-JJBBG_1_2103_14457_11261_4",2
"M1Dl43_bc1_M04670_35_000000000-JJBBG_1_2103_6424_10933_2",2
"M1Dl43_bc1_M04670_35_000000000-JJBBG_1_2104_11445_6192_2",5
"M1Dl43_bc1_M04670_35_000000000-JJBBG_1_2104_22917_17931_3",3
"M1Dl43_bc1_M04670_35_000000000-JJBBG_1_2105_17493_19295_2",3
"M1Dl43_bc1_M04670_35_000000000-JJBBG_1_2105_6750_12737_2",7
"M1Dl43_bc1_M04670_35_000000000-JJBBG_1_2106_16324_16647_4",2
"M1Dl43_bc1_M04670_35_000000000-JJBBG_1_2106_17292_17319_5",4
"M1Dl43_bc1_M04670_35_000000000-JJBBG_1_2106_17961_13343_6",3
"M1Dl43_bc1_M04670_35_000000000-JJBBG_1_2106_28610_8813_4",15
"M1Dl43_bc1_M04670_35_000000000-JJBBG_1_2106_8062_8968_2",2
"M1Dl43_bc1_M04670_35_000000000-JJBBG_1_2107_11349_11756_2",2
"M1Dl43_bc1_M04670_35_000000000-JJBBG_1_2108_10645_19947_2",7
"M1Dl43_bc1_M04670_35_000000000-JJBBG_1_2108_12482_14949_3",4
"M1Dl43_bc1_M04670_35_000000000-JJBBG_1_2109_17929_17276_2",6
"M1Dl43_bc1_M04670_35_000000000-JJBBG_1_2109_23230_18080_4",5
"M1Dl43_bc1_M04670_35_000000000-JJBBG_1_2109_7204_15748_5",8
"M1Dl43_bc1_M04670_35_000000000-JJBBG_1_2110_10103_4258_4",3
"M1Dl43_bc1_M04670_35_000000000-JJBBG_1_2111_10456_19741_3",4
"M1Dl43_bc1_M04670_35_000000000-JJBBG_1_2111_12442_17054_5",9
"M1Dl43_bc1_M04670_35_000000000-JJBBG_1_2111_19026_8115_3",3
"M1Dl43_bc1_M04670_35_000000000-JJBBG_1_2112_12798_10509_3",2
"M1Dl43_bc1_M04670_35_000000000-JJBBG_1_2112_9124_20193_3",3
"M1Dl43_bc1_M04670_35_000000000-JJBBG_1_2113_14630_5110_3",3
"M1Dl43_bc1_M04670_35_000000000-JJBBG_1_2113_16213_6108_7",7
"M1Dl43_bc1_M04670_35_000000000-JJBBG_1_2113_18508_12291_3",3
"M1Dl43_bc1_M04670_35_000000000-JJBBG_1_2114_15961_19204_3",8
"M1Dl43_bc1_M04670_35_000000000-JJBBG_1_2114_20290_16107_6",4
"M1Dl43_bc1_M04670_35_000000000-JJBBG_1_2114_4922_19027_4",9
"M1Dl43_bc1_M04670_35_000000000-JJBBG_1_2115_14964_16523_6",4
"M1Dl43_bc1_M04670_35_000000000-JJBBG_1_2115_8389_6585_3",6
"M1Dl43_bc1_M04670_35_000000000-JJBBG_1_2117_15602_17716_2",5
"M1Dl43_bc1_M04670_35_000000000-JJBBG_1_2117_21631_17573_4",3
"M1Dl43_bc1_M04670_35_000000000-JJBBG_1_2118_10435_3766_2",4
"M1Dl43_bc1_M04670_35_000000000-JJBBG_1_2118_12686_4987_3",8
"M1Dl43_bc1_M04670_35_000000000-JJBBG_1_2119_11703_4476_4",5
"M1Dl43_bc1_M04670_35_000000000-JJBBG_1_2119_13966_6861_6",6
"M1Dl43_bc1_M04670_35_000000000-JJBBG_1_2119_21431_17175_2",9
"M1Dl43_bc1_M04958_31_000000000-JLD9G_1_1101_12988_14684_3",7
"M1Dl43_bc1_M04958_31_000000000-JLD9G_1_1101_19224_12150_2",7
"M1Dl43_bc1_M04958_31_000000000-JLD9G_1_1101_20923_16358_2",5
"M1Dl43_bc1_M04958_31_000000000-JLD9G_1_1101_21332_6621_6",10
"M1Dl43_bc1_M04958_31_000000000-JLD9G_1_1101_23157_9381_3",3
"M1Dl43_bc1_M04958_31_000000000-JLD9G_1_1101_25120_15659_3",5
"M1Dl43_bc1_M04958_31_000000000-JLD9G_1_1101_26935_10699_5",5
"M1Dl43_bc1_M04958_31_000000000-JLD9G_1_1101_27603_17943_4",4
"M1Dl43_bc1_M04958_31_000000000-JLD9G_1_1102_15136_7100_4",4
"M1Dl43_bc1_M04958_31_000000000-JLD9G_1_1102_15390_9435_2",4
"M1Dl43_bc1_M04958_31_000000000-JLD9G_1_1102_25058_8939_3",7
"M1Dl43_bc1_M04958_31_000000000-JLD9G_1_1102_7393_14626_2",2
"M1Dl43_bc1_M04958_31_000000000-JLD9G_1_1102_8261_6887_4",3
"M1Dl43_bc1_M04958_31_000000000-JLD9G_1_1103_14440_19297_2",3
"M1Dl43_bc1_M04958_31_000000000-JLD9G_1_1103_14979_9581_7",2
"M1Dl43_bc1_M04958_31_000000000-JLD9G_1_1103_17299_15674_3",11
"M1Dl43_bc1_M04958_31_000000000-JLD9G_1_1103_17757_15551_3",2
"M1Dl43_bc1_M04958_31_000000000-JLD9G_1_1103_20742_8553_5",2
"M1Dl43_bc1_M04958_31_000000000-JLD9G_1_1103_21428_16218_2",4
"M1Dl43_bc1_M04958_31_000000000-JLD9G_1_1103_22378_9684_5",2
"M1Dl43_bc1_M04958_31_000000000-JLD9G_1_1103_22696_13563_4",4
"M1Dl43_bc1_M04958_31_000000000-JLD9G_1_1103_9776_8487_3",11
"M1Dl43_bc1_M04958_31_000000000-JLD9G_1_1104_18946_5626_2",7
"M1Dl43_bc1_M04958_31_000000000-JLD9G_1_1104_24298_8689_3",5
"M1Dl43_bc1_M04958_31_000000000-JLD9G_1_1104_24502_17663_3",1
"M1Dl43_bc1_M04958_31_000000000-JLD9G_1_1104_28728_13212_4",1
"M1Dl43_bc1_M04958_31_000000000-JLD9G_1_1104_29051_13584_3",3
"M1Dl43_bc1_M04958_31_000000000-JLD9G_1_1104_8032_19075_9",4
"M1Dl43_bc1_M04958_31_000000000-JLD9G_1_1104_9989_11887_4",14
"M1Dl43_bc1_M04958_31_000000000-JLD9G_1_1105_10471_7339_2",4
"M1Dl43_bc1_M04958_31_000000000-JLD9G_1_1105_16975_6210_2",2
"M1Dl43_bc1_M04958_31_000000000-JLD9G_1_1105_19711_4721_3",8
"M1Dl43_bc1_M04958_31_000000000-JLD9G_1_1105_21151_4671_2",2
"M1Dl43_bc1_M04958_31_000000000-JLD9G_1_1105_22143_3654_3",4
"M1Dl43_bc1_M04958_31_000000000-JLD9G_1_1105_24705_9585_2",6
"M1Dl43_bc1_M04958_31_000000000-JLD9G_1_1106_12754_17308_2",5
"M1Dl43_bc1_M04958_31_000000000-JLD9G_1_1106_14506_19613_3",2
"M1Dl43_bc1_M04958_31_000000000-JLD9G_1_1106_18872_3189_4",3
"M1Dl43_bc1_M04958_31_000000000-JLD9G_1_1106_18967_12994_2",7
"M1Dl43_bc1_M04958_31_000000000-JLD9G_1_1106_21613_19321_4",4
"M1Dl43_bc1_M04958_31_000000000-JLD9G_1_1106_23429_6540_3",9
"M1Dl43_bc1_M04958_31_000000000-JLD9G_1_1107_11904_16297_2",3
"M1Dl43_bc1_M04958_31_000000000-JLD9G_1_1107_16822_12457_2",2
"M1Dl43_bc1_M04958_31_000000000-JLD9G_1_1107_18987_15439_2",4
"M1Dl43_bc1_M04958_31_000000000-JLD9G_1_1107_21190_9976_3",5
"M1Dl43_bc1_M04958_31_000000000-JLD9G_1_1107_23898_16582_3",6
"M1Dl43_bc1_M04958_31_000000000-JLD9G_1_1107_24263_10133_2",3
"M1Dl43_bc1_M04958_31_000000000-JLD9G_1_1107_7619_17234_2",3
"M1Dl43_bc1_M04958_31_000000000-JLD9G_1_1108_10270_17833_2",4
"M1Dl43_bc1_M04958_31_000000000-JLD9G_1_1108_16004_10514_4",2
"M1Dl43_bc1_M04958_31_000000000-JLD9G_1_1108_23547_3004_4",4
"M1Dl43_bc1_M04958_31_000000000-JLD9G_1_1108_26317_10885_3",2
"M1Dl43_bc1_M04958_31_000000000-JLD9G_1_1108_27509_11487_5",3
"M1Dl43_bc1_M04958_31_000000000-JLD9G_1_1109_10011_3459_5",7
"M1Dl43_bc1_M04958_31_000000000-JLD9G_1_1109_11418_4108_6",1
"M1Dl43_bc1_M04958_31_000000000-JLD9G_1_1109_15244_10488_2",3
"M1Dl43_bc1_M04958_31_000000000-JLD9G_1_1109_17292_16441_2",5
"M1Dl43_bc1_M04958_31_000000000-JLD9G_1_1109_22010_14893_4",1
"M1Dl43_bc1_M04958_31_000000000-JLD9G_1_1109_25217_11593_2",1
"M1Dl43_bc1_M04958_31_000000000-JLD9G_1_1109_27774_8692_3",7
"M1Dl43_bc1_M04958_31_000000000-JLD9G_1_1109_5586_11032_4",2
"M1Dl43_bc1_M04958_31_000000000-JLD9G_1_1109_9762_14266_6",6
"M1Dl43_bc1_M04958_31_000000000-JLD9G_1_1109_9845_12905_3",2
"M1Dl43_bc1_M04958_31_000000000-JLD9G_1_1109_9950_14247_4",1
"M1Dl43_bc1_M04958_31_000000000-JLD9G_1_1110_16776_8467_5",3
"M1Dl43_bc1_M04958_31_000000000-JLD9G_1_1110_17033_16751_6",7
"M1Dl43_bc1_M04958_31_000000000-JLD9G_1_1110_17307_3990_3",10
"M1Dl43_bc1_M04958_31_000000000-JLD9G_1_1110_24841_8354_5",10
"M1Dl43_bc1_M04958_31_000000000-JLD9G_1_1110_27793_6266_2",4
"M1Dl43_bc1_M04958_31_000000000-JLD9G_1_1110_28109_18372_4",4
"M1Dl43_bc1_M04958_31_000000000-JLD9G_1_1111_10600_12218_3",4
"M1Dl43_bc1_M04958_31_000000000-JLD9G_1_1111_15087_10968_8",1
"M1Dl43_bc1_M04958_31_000000000-JLD9G_1_1111_21279_20406_2",14
"M1Dl43_bc1_M04958_31_000000000-JLD9G_1_1111_23645_11227_3",5
"M1Dl43_bc1_M04958_31_000000000-JLD9G_1_1111_24068_6631_5",13
"M1Dl43_bc1_M04958_31_000000000-JLD9G_1_1111_24825_11965_2",7
"M1Dl43_bc1_M04958_31_000000000-JLD9G_1_1112_12826_12846_2",7
"M1Dl43_bc1_M04958_31_000000000-JLD9G_1_1112_16958_18651_3",2
"M1Dl43_bc1_M04958_31_000000000-JLD9G_1_1112_17107_14173_6",2
"M1Dl43_bc1_M04958_31_000000000-JLD9G_1_1112_20070_23067_2",4
"M1Dl43_bc1_M04958_31_000000000-JLD9G_1_1112_22695_21852_6",1
"M1Dl43_bc1_M04958_31_000000000-JLD9G_1_1112_24339_7225_2",4
"M1Dl43_bc1_M04958_31_000000000-JLD9G_1_1112_24573_7622_3",3
"M1Dl43_bc1_M04958_31_000000000-JLD9G_1_1112_26249_6067_2",3
"M1Dl43_bc1_M04958_31_000000000-JLD9G_1_1112_27282_10176_5",4
"M1Dl43_bc1_M04958_31_000000000-JLD9G_1_1112_27992_11283_7",2
"M1Dl43_bc1_M04958_31_000000000-JLD9G_1_1112_28991_13868_5",1
"M1Dl43_bc1_M04958_31_000000000-JLD9G_1_1113_13167_11621_4",5
"M1Dl43_bc1_M04958_31_000000000-JLD9G_1_1113_14493_5617_2",4
"M1Dl43_bc1_M04958_31_000000000-JLD9G_1_1113_22796_3139_4",2
"M1Dl43_bc1_M04958_31_000000000-JLD9G_1_1113_23989_8434_3",3
"M1Dl43_bc1_M04958_31_000000000-JLD9G_1_1113_24288_4060_3",5
"M1Dl43_bc1_M04958_31_000000000-JLD9G_1_1113_25067_23178_3",7
"M1Dl43_bc1_M04958_31_000000000-JLD9G_1_1113_27171_18504_7",5
"M1Dl43_bc1_M04958_31_000000000-JLD9G_1_1113_27312_11003_5",1
"M1Dl43_bc1_M04958_31_000000000-JLD9G_1_1114_16203_21043_4",3
"M1Dl43_bc1_M04958_31_000000000-JLD9G_1_1114_20406_2767_7",3
"M1Dl43_bc1_M04958_31_000000000-JLD9G_1_1114_23627_11770_7",4
"M1Dl43_bc1_M04958_31_000000000-JLD9G_1_1115_11895_13882_4",5
"M1Dl43_bc1_M04958_31_000000000-JLD9G_1_1115_14662_11150_4",2
"M1Dl43_bc1_M04958_31_000000000-JLD9G_1_1115_14893_19862_6",5
"M1Dl43_bc1_M04958_31_000000000-JLD9G_1_1115_20804_9438_5",8
"M1Dl43_bc1_M04958_31_000000000-JLD9G_1_1115_20958_3030_2",7
"M1Dl43_bc1_M04958_31_000000000-JLD9G_1_1115_21094_3169_2",2
"M1Dl43_bc1_M04958_31_000000000-JLD9G_1_1115_22811_22197_3",4
"M1Dl43_bc1_M04958_31_000000000-JLD9G_1_1115_24049_10912_5",3
"M1Dl43_bc1_M04958_31_000000000-JLD9G_1_1115_24780_5617_4",3
"M1Dl43_bc1_M04958_31_000000000-JLD9G_1_1115_27553_20595_2",3
"M1Dl43_bc1_M04958_31_000000000-JLD9G_1_1115_28664_10587_3",11
"M1Dl43_bc1_M04958_31_000000000-JLD9G_1_1115_4522_13284_3",3
"M1Dl43_bc1_M04958_31_000000000-JLD9G_1_1115_4799_15878_3",3
"M1Dl43_bc1_M04958_31_000000000-JLD9G_1_1116_12322_17200_2",5
"M1Dl43_bc1_M04958_31_000000000-JLD9G_1_1116_13367_10463_3",8
"M1Dl43_bc1_M04958_31_000000000-JLD9G_1_1116_14736_12036_2",6
"M1Dl43_bc1_M04958_31_000000000-JLD9G_1_1116_22598_11598_3",11
"M1Dl43_bc1_M04958_31_000000000-JLD9G_1_1117_10068_11414_3",1
"M1Dl43_bc1_M04958_31_000000000-JLD9G_1_1117_14584_5877_3",4
"M1Dl43_bc1_M04958_31_000000000-JLD9G_1_1117_16119_13437_3",5
"M1Dl43_bc1_M04958_31_000000000-JLD9G_1_1117_17307_9884_4",6
"M1Dl43_bc1_M04958_31_000000000-JLD9G_1_1117_17696_12492_6",3
"M1Dl43_bc1_M04958_31_000000000-JLD9G_1_1117_19795_17243_2",2
"M1Dl43_bc1_M04958_31_000000000-JLD9G_1_1117_19804_23563_4",2
"M1Dl43_bc1_M04958_31_000000000-JLD9G_1_1117_25948_14315_4",2
"M1Dl43_bc1_M04958_31_000000000-JLD9G_1_1117_26471_19173_2",6
"M1Dl43_bc1_M04958_31_000000000-JLD9G_1_1117_27250_13362_3",3
"M1Dl43_bc1_M04958_31_000000000-JLD9G_1_1117_9456_6090_4",6
"M1Dl43_bc1_M04958_31_000000000-JLD9G_1_1118_13153_12280_7",5
"M1Dl43_bc1_M04958_31_000000000-JLD9G_1_1118_25648_13535_2",8
"M1Dl43_bc1_M04958_31_000000000-JLD9G_1_1118_25676_4475_2",3
"M1Dl43_bc1_M04958_31_000000000-JLD9G_1_1118_6097_16905_3",2
"M1Dl43_bc1_M04958_31_000000000-JLD9G_1_1118_6275_18745_2",5
"M1Dl43_bc1_M04958_31_000000000-JLD9G_1_1119_10023_3492_5",3
"M1Dl43_bc1_M04958_31_000000000-JLD9G_1_1119_10845_24892_3",3
"M1Dl43_bc1_M04958_31_000000000-JLD9G_1_1119_11468_12864_2",1
"M1Dl43_bc1_M04958_31_000000000-JLD9G_1_1119_11513_19769_3",5
"M1Dl43_bc1_M04958_31_000000000-JLD9G_1_1119_15363_21272_6",3
"M1Dl43_bc1_M04958_31_000000000-JLD9G_1_1119_24047_3696_4",1
"M1Dl43_bc1_M04958_31_000000000-JLD9G_1_1119_26653_10116_2",8
"M1Dl43_bc1_M04958_31_000000000-JLD9G_1_1119_3990_8383_2",6
"M1Dl43_bc1_M04958_31_000000000-JLD9G_1_1119_8285_20923_3",4
"M1Dl43_bc1_M04958_31_000000000-JLD9G_1_1119_8759_11305_3",2
"M1Dl43_bc1_M04958_31_000000000-JLD9G_1_1119_9867_9861_2",7
"M1Dl43_bc1_M04958_31_000000000-JLD9G_1_2101_17851_17886_3",6
"M1Dl43_bc1_M04958_31_000000000-JLD9G_1_2101_18383_16898_5",5
"M1Dl43_bc1_M04958_31_000000000-JLD9G_1_2101_18746_18854_2",6
"M1Dl43_bc1_M04958_31_000000000-JLD9G_1_2102_15428_10047_2",5
"M1Dl43_bc1_M04958_31_000000000-JLD9G_1_2102_22128_17597_9",4
"M1Dl43_bc1_M04958_31_000000000-JLD9G_1_2102_25336_13444_4",4
"M1Dl43_bc1_M04958_31_000000000-JLD9G_1_2102_26062_13200_6",2
"M1Dl43_bc1_M04958_31_000000000-JLD9G_1_2102_26506_15974_3",2
"M1Dl43_bc1_M04958_31_000000000-JLD9G_1_2103_12874_10872_3",8
"M1Dl43_bc1_M04958_31_000000000-JLD9G_1_2103_13013_16421_5",4
"M1Dl43_bc1_M04958_31_000000000-JLD9G_1_2103_13853_12827_7",1
"M1Dl43_bc1_M04958_31_000000000-JLD9G_1_2103_8081_6076_4",4
"M1Dl43_bc1_M04958_31_000000000-JLD9G_1_2104_13280_10440_5",3
"M1Dl43_bc1_M04958_31_000000000-JLD9G_1_2104_14024_15337_5",3
"M1Dl43_bc1_M04958_31_000000000-JLD9G_1_2104_16195_14023_4",4
"M1Dl43_bc1_M04958_31_000000000-JLD9G_1_2104_17682_17531_4",8
"M1Dl43_bc1_M04958_31_000000000-JLD9G_1_2104_19727_16502_4",3
"M1Dl43_bc1_M04958_31_000000000-JLD9G_1_2104_21958_9715_4",2
"M1Dl43_bc1_M04958_31_000000000-JLD9G_1_2105_12674_15620_5",5
"M1Dl43_bc1_M04958_31_000000000-JLD9G_1_2105_15994_7894_2",5
"M1Dl43_bc1_M04958_31_000000000-JLD9G_1_2105_16358_17404_3",5
"M1Dl43_bc1_M04958_31_000000000-JLD9G_1_2105_18061_3553_7",8
"M1Dl43_bc1_M04958_31_000000000-JLD9G_1_2105_21273_3473_2",2
"M1Dl43_bc1_M04958_31_000000000-JLD9G_1_2105_25875_16096_4",7
"M1Dl43_bc1_M04958_31_000000000-JLD9G_1_2105_27429_14383_6",4
"M1Dl43_bc1_M04958_31_000000000-JLD9G_1_2106_16063_17500_2",3
"M1Dl43_bc1_M04958_31_000000000-JLD9G_1_2106_22439_18554_2",6
"M1Dl43_bc1_M04958_31_000000000-JLD9G_1_2106_22897_5718_2",3
"M1Dl43_bc1_M04958_31_000000000-JLD9G_1_2106_24142_11342_3",2
"M1Dl43_bc1_M04958_31_000000000-JLD9G_1_2106_25825_12056_2",5
"M1Dl43_bc1_M04958_31_000000000-JLD9G_1_2107_14819_13185_4",3
"M1Dl43_bc1_M04958_31_000000000-JLD9G_1_2107_17789_8787_5",5
"M1Dl43_bc1_M04958_31_000000000-JLD9G_1_2107_17790_3598_5",2
"M1Dl43_bc1_M04958_31_000000000-JLD9G_1_2107_18879_5089_2",7
"M1Dl43_bc1_M04958_31_000000000-JLD9G_1_2107_7744_8233_2",3
"M1Dl43_bc1_M04958_31_000000000-JLD9G_1_2108_11437_7317_2",8
"M1Dl43_bc1_M04958_31_000000000-JLD9G_1_2108_19319_20640_2",2
"M1Dl43_bc1_M04958_31_000000000-JLD9G_1_2108_24404_9512_2",5
"M1Dl43_bc1_M04958_31_000000000-JLD9G_1_2108_26265_7993_2",3
"M1Dl43_bc1_M04958_31_000000000-JLD9G_1_2109_13091_6416_3",8
"M1Dl43_bc1_M04958_31_000000000-JLD9G_1_2109_14133_10735_6",2
"M1Dl43_bc1_M04958_31_000000000-JLD9G_1_2109_14765_14193_4",4
"M1Dl43_bc1_M04958_31_000000000-JLD9G_1_2109_15623_3953_6",6
"M1Dl43_bc1_M04958_31_000000000-JLD9G_1_2109_19066_19204_4",1
"M1Dl43_bc1_M04958_31_000000000-JLD9G_1_2109_25680_19728_3",2
"M1Dl43_bc1_M04958_31_000000000-JLD9G_1_2110_11485_13753_2",4
"M1Dl43_bc1_M04958_31_000000000-JLD9G_1_2110_22855_16273_4",5
"M1Dl43_bc1_M04958_31_000000000-JLD9G_1_2112_15782_13554_2",3
"M1Dl43_bc1_M04958_31_000000000-JLD9G_1_2112_16608_8909_5",3
"M1Dl43_bc1_M04958_31_000000000-JLD9G_1_2112_21615_19843_6",1
"M1Dl43_bc1_M04958_31_000000000-JLD9G_1_2112_23948_20363_2",5
"M1Dl43_bc1_M04958_31_000000000-JLD9G_1_2112_28653_15937_5",11
"M1Dl43_bc1_M04958_31_000000000-JLD9G_1_2112_4929_9652_2",9
"M1Dl43_bc1_M04958_31_000000000-JLD9G_1_2113_17038_11199_4",1
"M1Dl43_bc1_M04958_31_000000000-JLD9G_1_2113_23099_14742_3",2
"M1Dl43_bc1_M04958_31_000000000-JLD9G_1_2114_23614_12335_3",9
"M1Dl43_bc1_M04958_31_000000000-JLD9G_1_2114_26700_17339_3",3
"M1Dl43_bc1_M04958_31_000000000-JLD9G_1_2115_10245_18637_4",6
"M1Dl43_bc1_M04958_31_000000000-JLD9G_1_2115_7476_14390_6",5
"M1Dl43_bc1_M04958_31_000000000-JLD9G_1_2115_8683_4394_4",3
"M1Dl43_bc1_M04958_31_000000000-JLD9G_1_2115_9798_15166_5",8
"M1Dl43_bc1_M04958_31_000000000-JLD9G_1_2116_13290_4128_2",2
"M1Dl43_bc1_M04958_31_000000000-JLD9G_1_2116_22649_20059_2",2
"M1Dl43_bc1_M04958_31_000000000-JLD9G_1_2116_23088_16097_3",4
"M1Dl43_bc1_M04958_31_000000000-JLD9G_1_2116_24053_12628_3",5
"M1Dl43_bc1_M04958_31_000000000-JLD9G_1_2116_27272_16967_5",12
"M1Dl43_bc1_M04958_31_000000000-JLD9G_1_2116_8674_12859_5",1
"M1Dl43_bc1_M04958_31_000000000-JLD9G_1_2117_11501_11181_3",9
"M1Dl43_bc1_M04958_31_000000000-JLD9G_1_2117_11847_12130_3",4
"M1Dl43_bc1_M04958_31_000000000-JLD9G_1_2117_18666_19214_4",2
"M1Dl43_bc1_M04958_31_000000000-JLD9G_1_2117_20833_21574_6",2
"M1Dl43_bc1_M04958_31_000000000-JLD9G_1_2117_24341_15224_2",9
"M1Dl43_bc1_M04958_31_000000000-JLD9G_1_2117_26270_20332_3",2
"M1Dl43_bc1_M04958_31_000000000-JLD9G_1_2118_21725_4902_4",2
"M1Dl43_bc1_M04958_31_000000000-JLD9G_1_2118_24758_19179_3",3
"M1Dl43_bc1_M04958_31_000000000-JLD9G_1_2118_7762_15707_6",6
"M1Dl43_bc1_M04958_31_000000000-JLD9G_1_2119_10891_18664_6",2
"M1Dl43_bc1_M04958_31_000000000-JLD9G_1_2119_14630_5725_2",5
"M1Dl43_bc1_M04958_31_000000000-JLD9G_1_2119_16836_20986_2",6
"M1Dl43_bc1_M04958_31_000000000-JLD9G_1_2119_16957_5922_5",7
"M1Dl43_bc1_M04958_31_000000000-JLD9G_1_2119_18788_17451_5",4
"M1Dl43_bc1_M04958_31_000000000-JLD9G_1_2119_22064_23045_3",2
"M1Dl43_bc1_M04958_31_000000000-JLD9G_1_2119_9420_17070_3",8
"M1Dl43_bc1_M04958_49_000000000-JR7R4_1_1101_11209_18500_4",2
"M1Dl43_bc1_M04958_49_000000000-JR7R4_1_1101_13922_19649_2",4
"M1Dl43_bc1_M04958_49_000000000-JR7R4_1_1101_14167_13214_6",2
"M1Dl43_bc1_M04958_49_000000000-JR7R4_1_1101_14769_11719_5",1
"M1Dl43_bc1_M04958_49_000000000-JR7R4_1_1101_15012_6081_2",2
"M1Dl43_bc1_M04958_49_000000000-JR7R4_1_1101_15998_12598_3",4
"M1Dl43_bc1_M04958_49_000000000-JR7R4_1_1101_16035_14686_5",2
"M1Dl43_bc1_M04958_49_000000000-JR7R4_1_1101_17175_20480_2",3
"M1Dl43_bc1_M04958_49_000000000-JR7R4_1_1101_17360_18465_5",5
"M1Dl43_bc1_M04958_49_000000000-JR7R4_1_1101_17996_4035_6",7
"M1Dl43_bc1_M04958_49_000000000-JR7R4_1_1101_18620_7732_4",5
"M1Dl43_bc1_M04958_49_000000000-JR7R4_1_1101_18691_7472_2",3
"M1Dl43_bc1_M04958_49_000000000-JR7R4_1_1101_19233_13026_2",3
"M1Dl43_bc1_M04958_49_000000000-JR7R4_1_1101_19438_9836_3",2
"M1Dl43_bc1_M04958_49_000000000-JR7R4_1_1101_19676_21471_6",2
"M1Dl43_bc1_M04958_49_000000000-JR7R4_1_1101_20026_22769_3",3
"M1Dl43_bc1_M04958_49_000000000-JR7R4_1_1101_20100_5977_3",3
"M1Dl43_bc1_M04958_49_000000000-JR7R4_1_1101_20353_14498_5",2
"M1Dl43_bc1_M04958_49_000000000-JR7R4_1_1101_20827_2686_3",7
"M1Dl43_bc1_M04958_49_000000000-JR7R4_1_1101_21133_10299_4",11
"M1Dl43_bc1_M04958_49_000000000-JR7R4_1_1101_21409_9449_4",12
"M1Dl43_bc1_M04958_49_000000000-JR7R4_1_1101_21780_11698_5",5
"M1Dl43_bc1_M04958_49_000000000-JR7R4_1_1101_22001_16144_5",2
"M1Dl43_bc1_M04958_49_000000000-JR7R4_1_1101_22356_12257_3",4
"M1Dl43_bc1_M04958_49_000000000-JR7R4_1_1101_22507_22130_2",2
"M1Dl43_bc1_M04958_49_000000000-JR7R4_1_1101_22738_3224_2",5
"M1Dl43_bc1_M04958_49_000000000-JR7R4_1_1101_22882_4576_3",3
"M1Dl43_bc1_M04958_49_000000000-JR7R4_1_1101_22923_8952_2",2
"M1Dl43_bc1_M04958_49_000000000-JR7R4_1_1101_23326_22218_4",6
"M1Dl43_bc1_M04958_49_000000000-JR7R4_1_1101_24597_17262_3",6
"M1Dl43_bc1_M04958_49_000000000-JR7R4_1_1101_25010_9025_2",3
"M1Dl43_bc1_M04958_49_000000000-JR7R4_1_1101_25244_14451_6",1
"M1Dl43_bc1_M04958_49_000000000-JR7R4_1_1101_25736_11270_2",8
"M1Dl43_bc1_M04958_49_000000000-JR7R4_1_1101_26715_21104_2",2
"M1Dl43_bc1_M04958_49_000000000-JR7R4_1_1101_27125_18430_2",5
"M1Dl43_bc1_M04958_49_000000000-JR7R4_1_1101_27914_10990_5",1
"M1Dl43_bc1_M04958_49_000000000-JR7R4_1_1101_27995_11947_3",2
"M1Dl43_bc1_M04958_49_000000000-JR7R4_1_1101_4886_6309_4",3
"M1Dl43_bc1_M04958_49_000000000-JR7R4_1_1101_5330_15228_2",7
"M1Dl43_bc1_M04958_49_000000000-JR7R4_1_1101_8768_16423_3",3
"M1Dl43_bc1_M04958_49_000000000-JR7R4_1_1102_10150_12828_5",1
"M1Dl43_bc1_M04958_49_000000000-JR7R4_1_1102_10689_4808_6",9
"M1Dl43_bc1_M04958_49_000000000-JR7R4_1_1102_10731_5202_2",5
"M1Dl43_bc1_M04958_49_000000000-JR7R4_1_1102_12156_9503_4",3
"M1Dl43_bc1_M04958_49_000000000-JR7R4_1_1102_13071_4862_4",7
"M1Dl43_bc1_M04958_49_000000000-JR7R4_1_1102_13269_5744_2",2
"M1Dl43_bc1_M04958_49_000000000-JR7R4_1_1102_14082_13512_5",3
"M1Dl43_bc1_M04958_49_000000000-JR7R4_1_1102_14911_5845_4",2
"M1Dl43_bc1_M04958_49_000000000-JR7R4_1_1102_15328_18767_4",2
"M1Dl43_bc1_M04958_49_000000000-JR7R4_1_1102_15826_16515_5",3
"M1Dl43_bc1_M04958_49_000000000-JR7R4_1_1102_15978_13777_3",2
"M1Dl43_bc1_M04958_49_000000000-JR7R4_1_1102_16193_20618_2",8
"M1Dl43_bc1_M04958_49_000000000-JR7R4_1_1102_16276_7595_3",4
"M1Dl43_bc1_M04958_49_000000000-JR7R4_1_1102_16450_8696_2",4
"M1Dl43_bc1_M04958_49_000000000-JR7R4_1_1102_17503_13001_2",3
"M1Dl43_bc1_M04958_49_000000000-JR7R4_1_1102_17722_7556_3",6
"M1Dl43_bc1_M04958_49_000000000-JR7R4_1_1102_17839_3292_3",2
"M1Dl43_bc1_M04958_49_000000000-JR7R4_1_1102_18311_4591_2",7
"M1Dl43_bc1_M04958_49_000000000-JR7R4_1_1102_18444_8915_3",6
"M1Dl43_bc1_M04958_49_000000000-JR7R4_1_1102_18545_5892_4",3
"M1Dl43_bc1_M04958_49_000000000-JR7R4_1_1102_19000_12568_4",4
"M1Dl43_bc1_M04958_49_000000000-JR7R4_1_1102_19437_6979_2",6
"M1Dl43_bc1_M04958_49_000000000-JR7R4_1_1102_19643_10704_2",5
"M1Dl43_bc1_M04958_49_000000000-JR7R4_1_1102_19674_14668_3",2
"M1Dl43_bc1_M04958_49_000000000-JR7R4_1_1102_19741_17736_11",1
"M1Dl43_bc1_M04958_49_000000000-JR7R4_1_1102_20305_13710_2",4
"M1Dl43_bc1_M04958_49_000000000-JR7R4_1_1102_21239_6594_3",7
"M1Dl43_bc1_M04958_49_000000000-JR7R4_1_1102_22202_8351_4",6
"M1Dl43_bc1_M04958_49_000000000-JR7R4_1_1102_23488_18937_4",11
"M1Dl43_bc1_M04958_49_000000000-JR7R4_1_1102_23724_9290_3",3
"M1Dl43_bc1_M04958_49_000000000-JR7R4_1_1102_26691_15129_3",3
"M1Dl43_bc1_M04958_49_000000000-JR7R4_1_1102_26940_17653_5",1
"M1Dl43_bc1_M04958_49_000000000-JR7R4_1_1102_27327_10839_3",4
"M1Dl43_bc1_M04958_49_000000000-JR7R4_1_1102_28085_10714_6",10
"M1Dl43_bc1_M04958_49_000000000-JR7R4_1_1102_5044_15718_5",2
"M1Dl43_bc1_M04958_49_000000000-JR7R4_1_1102_7177_12574_3",4
"M1Dl43_bc1_M04958_49_000000000-JR7R4_1_1102_7425_12914_3",4
"M1Dl43_bc1_M04958_49_000000000-JR7R4_1_1102_8100_21443_2",3
"M1Dl43_bc1_M04958_49_000000000-JR7R4_1_1102_9251_3286_3",5
"M1Dl43_bc1_M04958_49_000000000-JR7R4_1_1102_9914_5405_2",8
"M1Dl43_bc1_M04958_49_000000000-JR7R4_1_1103_11167_12126_2",4
"M1Dl43_bc1_M04958_49_000000000-JR7R4_1_1103_11376_4659_2",4
"M1Dl43_bc1_M04958_49_000000000-JR7R4_1_1103_11534_2622_2",3
"M1Dl43_bc1_M04958_49_000000000-JR7R4_1_1103_11834_10558_5",2
"M1Dl43_bc1_M04958_49_000000000-JR7R4_1_1103_12451_13552_3",2
"M1Dl43_bc1_M04958_49_000000000-JR7R4_1_1103_12526_2904_4",2
"M1Dl43_bc1_M04958_49_000000000-JR7R4_1_1103_12867_3525_4",2
"M1Dl43_bc1_M04958_49_000000000-JR7R4_1_1103_13266_18775_7",2
"M1Dl43_bc1_M04958_49_000000000-JR7R4_1_1103_13777_20116_5",4
"M1Dl43_bc1_M04958_49_000000000-JR7R4_1_1103_13815_16724_2",5
"M1Dl43_bc1_M04958_49_000000000-JR7R4_1_1103_14388_10460_3",4
"M1Dl43_bc1_M04958_49_000000000-JR7R4_1_1103_14855_16180_2",12
"M1Dl43_bc1_M04958_49_000000000-JR7R4_1_1103_15515_18286_6",6
"M1Dl43_bc1_M04958_49_000000000-JR7R4_1_1103_16320_2214_5",2
"M1Dl43_bc1_M04958_49_000000000-JR7R4_1_1103_16448_19945_2",4
"M1Dl43_bc1_M04958_49_000000000-JR7R4_1_1103_17129_6605_2",3
"M1Dl43_bc1_M04958_49_000000000-JR7R4_1_1103_18192_4533_3",5
"M1Dl43_bc1_M04958_49_000000000-JR7R4_1_1103_18736_17444_3",2
"M1Dl43_bc1_M04958_49_000000000-JR7R4_1_1103_19569_3349_6",3
"M1Dl43_bc1_M04958_49_000000000-JR7R4_1_1103_19645_17312_6",8
"M1Dl43_bc1_M04958_49_000000000-JR7R4_1_1103_19732_9868_2",1
"M1Dl43_bc1_M04958_49_000000000-JR7R4_1_1103_20983_16768_2",2
"M1Dl43_bc1_M04958_49_000000000-JR7R4_1_1103_21588_4334_5",5
"M1Dl43_bc1_M04958_49_000000000-JR7R4_1_1103_21854_10268_3",5
"M1Dl43_bc1_M04958_49_000000000-JR7R4_1_1103_22128_7284_2",13
"M1Dl43_bc1_M04958_49_000000000-JR7R4_1_1103_22751_7673_4",3
"M1Dl43_bc1_M04958_49_000000000-JR7R4_1_1103_23085_10650_2",3
"M1Dl43_bc1_M04958_49_000000000-JR7R4_1_1103_24137_22922_3",2
"M1Dl43_bc1_M04958_49_000000000-JR7R4_1_1103_24203_10337_3",3
"M1Dl43_bc1_M04958_49_000000000-JR7R4_1_1103_24322_7124_3",11
"M1Dl43_bc1_M04958_49_000000000-JR7R4_1_1103_25294_19050_3",6
"M1Dl43_bc1_M04958_49_000000000-JR7R4_1_1103_25745_5020_3",6
"M1Dl43_bc1_M04958_49_000000000-JR7R4_1_1103_25828_11513_2",5
"M1Dl43_bc1_M04958_49_000000000-JR7R4_1_1103_25942_12371_2",2
"M1Dl43_bc1_M04958_49_000000000-JR7R4_1_1103_27719_17533_2",5
"M1Dl43_bc1_M04958_49_000000000-JR7R4_1_1103_28013_15354_3",2
"M1Dl43_bc1_M04958_49_000000000-JR7R4_1_1103_6556_9426_3",1
"M1Dl43_bc1_M04958_49_000000000-JR7R4_1_1103_7755_5798_4",2
"M1Dl43_bc1_M04958_49_000000000-JR7R4_1_1103_8352_17359_3",5
"M1Dl43_bc1_M04958_49_000000000-JR7R4_1_1103_8665_9280_7",6
"M1Dl43_bc1_M04958_49_000000000-JR7R4_1_1103_9161_5515_2",2
"M1Dl43_bc1_M04958_49_000000000-JR7R4_1_1104_10752_9081_2",3
"M1Dl43_bc1_M04958_49_000000000-JR7R4_1_1104_10799_21648_2",2
"M1Dl43_bc1_M04958_49_000000000-JR7R4_1_1104_11273_6381_2",5
"M1Dl43_bc1_M04958_49_000000000-JR7R4_1_1104_11568_20639_4",1
"M1Dl43_bc1_M04958_49_000000000-JR7R4_1_1104_11810_17506_2",6
"M1Dl43_bc1_M04958_49_000000000-JR7R4_1_1104_13194_19678_3",7
"M1Dl43_bc1_M04958_49_000000000-JR7R4_1_1104_14147_4918_2",9
"M1Dl43_bc1_M04958_49_000000000-JR7R4_1_1104_14351_6761_2",3
"M1Dl43_bc1_M04958_49_000000000-JR7R4_1_1104_15093_14305_3",2
"M1Dl43_bc1_M04958_49_000000000-JR7R4_1_1104_15347_24719_2",5
"M1Dl43_bc1_M04958_49_000000000-JR7R4_1_1104_17162_4441_2",6
"M1Dl43_bc1_M04958_49_000000000-JR7R4_1_1104_17787_16993_5",5
"M1Dl43_bc1_M04958_49_000000000-JR7R4_1_1104_17979_23099_5",4
"M1Dl43_bc1_M04958_49_000000000-JR7R4_1_1104_18043_23218_4",2
"M1Dl43_bc1_M04958_49_000000000-JR7R4_1_1104_19249_10218_2",3
"M1Dl43_bc1_M04958_49_000000000-JR7R4_1_1104_19373_16074_2",7
"M1Dl43_bc1_M04958_49_000000000-JR7R4_1_1104_20741_9374_2",5
"M1Dl43_bc1_M04958_49_000000000-JR7R4_1_1104_21428_19432_3",2
"M1Dl43_bc1_M04958_49_000000000-JR7R4_1_1104_21585_4011_4",5
"M1Dl43_bc1_M04958_49_000000000-JR7R4_1_1104_21741_5465_3",2
"M1Dl43_bc1_M04958_49_000000000-JR7R4_1_1104_21752_7774_2",6
"M1Dl43_bc1_M04958_49_000000000-JR7R4_1_1104_22185_2947_2",7
"M1Dl43_bc1_M04958_49_000000000-JR7R4_1_1104_22301_16685_5",3
"M1Dl43_bc1_M04958_49_000000000-JR7R4_1_1104_22436_19762_5",6
"M1Dl43_bc1_M04958_49_000000000-JR7R4_1_1104_22644_11467_3",3
"M1Dl43_bc1_M04958_49_000000000-JR7R4_1_1104_22886_16525_2",4
"M1Dl43_bc1_M04958_49_000000000-JR7R4_1_1104_23828_3672_3",4
"M1Dl43_bc1_M04958_49_000000000-JR7R4_1_1104_24011_10111_7",5
"M1Dl43_bc1_M04958_49_000000000-JR7R4_1_1104_24141_7448_2",3
"M1Dl43_bc1_M04958_49_000000000-JR7R4_1_1104_24434_13925_3",3
"M1Dl43_bc1_M04958_49_000000000-JR7R4_1_1104_24520_23552_2",2
"M1Dl43_bc1_M04958_49_000000000-JR7R4_1_1104_24659_7477_3",7
"M1Dl43_bc1_M04958_49_000000000-JR7R4_1_1104_25247_16381_3",6
"M1Dl43_bc1_M04958_49_000000000-JR7R4_1_1104_26701_6446_8",5
"M1Dl43_bc1_M04958_49_000000000-JR7R4_1_1104_27511_7640_5",2
"M1Dl43_bc1_M04958_49_000000000-JR7R4_1_1104_27840_13806_3",6
"M1Dl43_bc1_M04958_49_000000000-JR7R4_1_1104_28367_13796_2",3
"M1Dl43_bc1_M04958_49_000000000-JR7R4_1_1104_5630_16533_2",2
"M1Dl43_bc1_M04958_49_000000000-JR7R4_1_1104_9624_10290_3",7
"M1Dl43_bc1_M04958_49_000000000-JR7R4_1_1105_10514_6324_2",7
"M1Dl43_bc1_M04958_49_000000000-JR7R4_1_1105_10893_7753_4",1
"M1Dl43_bc1_M04958_49_000000000-JR7R4_1_1105_11237_8116_3",4
"M1Dl43_bc1_M04958_49_000000000-JR7R4_1_1105_12358_17383_2",6
"M1Dl43_bc1_M04958_49_000000000-JR7R4_1_1105_13668_5524_4",4
"M1Dl43_bc1_M04958_49_000000000-JR7R4_1_1105_14745_10664_5",6
"M1Dl43_bc1_M04958_49_000000000-JR7R4_1_1105_14778_10730_2",2
"M1Dl43_bc1_M04958_49_000000000-JR7R4_1_1105_15973_5994_2",4
"M1Dl43_bc1_M04958_49_000000000-JR7R4_1_1105_16654_16151_4",2
"M1Dl43_bc1_M04958_49_000000000-JR7R4_1_1105_16659_17514_3",9
"M1Dl43_bc1_M04958_49_000000000-JR7R4_1_1105_17055_9319_2",5
"M1Dl43_bc1_M04958_49_000000000-JR7R4_1_1105_17291_20575_3",3
"M1Dl43_bc1_M04958_49_000000000-JR7R4_1_1105_18038_9798_2",4
"M1Dl43_bc1_M04958_49_000000000-JR7R4_1_1105_18993_9865_4",2
"M1Dl43_bc1_M04958_49_000000000-JR7R4_1_1105_19500_3132_3",3
"M1Dl43_bc1_M04958_49_000000000-JR7R4_1_1105_21375_10666_6",2
"M1Dl43_bc1_M04958_49_000000000-JR7R4_1_1105_21500_19850_4",5
"M1Dl43_bc1_M04958_49_000000000-JR7R4_1_1105_21719_9204_3",5
"M1Dl43_bc1_M04958_49_000000000-JR7R4_1_1105_22410_15187_4",6
"M1Dl43_bc1_M04958_49_000000000-JR7R4_1_1105_22933_14228_2",4
"M1Dl43_bc1_M04958_49_000000000-JR7R4_1_1105_23223_3993_2",2
"M1Dl43_bc1_M04958_49_000000000-JR7R4_1_1105_24106_7871_5",4
"M1Dl43_bc1_M04958_49_000000000-JR7R4_1_1105_24486_9150_2",10
"M1Dl43_bc1_M04958_49_000000000-JR7R4_1_1105_24660_19021_6",5
"M1Dl43_bc1_M04958_49_000000000-JR7R4_1_1105_25327_22637_2",2
"M1Dl43_bc1_M04958_49_000000000-JR7R4_1_1105_25570_22358_2",11
"M1Dl43_bc1_M04958_49_000000000-JR7R4_1_1105_26176_9538_3",16
"M1Dl43_bc1_M04958_49_000000000-JR7R4_1_1105_26406_20667_2",2
"M1Dl43_bc1_M04958_49_000000000-JR7R4_1_1105_26833_18398_3",8
"M1Dl43_bc1_M04958_49_000000000-JR7R4_1_1105_27890_16099_2",4
"M1Dl43_bc1_M04958_49_000000000-JR7R4_1_1105_27971_15997_3",2
"M1Dl43_bc1_M04958_49_000000000-JR7R4_1_1105_28306_13140_3",5
"M1Dl43_bc1_M04958_49_000000000-JR7R4_1_1105_6061_15615_3",5
"M1Dl43_bc1_M04958_49_000000000-JR7R4_1_1105_6411_17127_2",6
"M1Dl43_bc1_M04958_49_000000000-JR7R4_1_1105_7624_9457_5",3
"M1Dl43_bc1_M04958_49_000000000-JR7R4_1_1105_8086_9155_4",2
"M1Dl43_bc1_M04958_49_000000000-JR7R4_1_1105_9375_18197_2",5
"M1Dl43_bc1_M04958_49_000000000-JR7R4_1_1105_9470_10020_2",2
"M1Dl43_bc1_M04958_49_000000000-JR7R4_1_1106_10773_5465_4",3
"M1Dl43_bc1_M04958_49_000000000-JR7R4_1_1106_10779_2675_5",3
"M1Dl43_bc1_M04958_49_000000000-JR7R4_1_1106_12726_22876_5",10
"M1Dl43_bc1_M04958_49_000000000-JR7R4_1_1106_12768_4250_3",2
"M1Dl43_bc1_M04958_49_000000000-JR7R4_1_1106_13102_5414_6",2
"M1Dl43_bc1_M04958_49_000000000-JR7R4_1_1106_14971_12912_2",3
"M1Dl43_bc1_M04958_49_000000000-JR7R4_1_1106_15225_12108_3",3
"M1Dl43_bc1_M04958_49_000000000-JR7R4_1_1106_15962_12830_6",3
"M1Dl43_bc1_M04958_49_000000000-JR7R4_1_1106_16006_19084_2",6
"M1Dl43_bc1_M04958_49_000000000-JR7R4_1_1106_16786_13936_2",3
"M1Dl43_bc1_M04958_49_000000000-JR7R4_1_1106_17324_5333_2",5
"M1Dl43_bc1_M04958_49_000000000-JR7R4_1_1106_17711_6990_4",4
"M1Dl43_bc1_M04958_49_000000000-JR7R4_1_1106_18248_3211_2",6
"M1Dl43_bc1_M04958_49_000000000-JR7R4_1_1106_18949_14753_2",2
"M1Dl43_bc1_M04958_49_000000000-JR7R4_1_1106_19019_14259_3",4
"M1Dl43_bc1_M04958_49_000000000-JR7R4_1_1106_19530_14466_2",7
"M1Dl43_bc1_M04958_49_000000000-JR7R4_1_1106_19543_15763_2",2
"M1Dl43_bc1_M04958_49_000000000-JR7R4_1_1106_19677_17887_6",3
"M1Dl43_bc1_M04958_49_000000000-JR7R4_1_1106_19710_11731_2",3
"M1Dl43_bc1_M04958_49_000000000-JR7R4_1_1106_20258_12390_2",8
"M1Dl43_bc1_M04958_49_000000000-JR7R4_1_1106_21313_7604_3",9
"M1Dl43_bc1_M04958_49_000000000-JR7R4_1_1106_21823_11929_3",6
"M1Dl43_bc1_M04958_49_000000000-JR7R4_1_1106_22185_5635_4",7
"M1Dl43_bc1_M04958_49_000000000-JR7R4_1_1106_23287_14113_3",3
"M1Dl43_bc1_M04958_49_000000000-JR7R4_1_1106_23366_10118_2",12
"M1Dl43_bc1_M04958_49_000000000-JR7R4_1_1106_24818_15734_3",7
"M1Dl43_bc1_M04958_49_000000000-JR7R4_1_1106_26877_14480_2",2
"M1Dl43_bc1_M04958_49_000000000-JR7R4_1_1106_29428_14074_3",3
"M1Dl43_bc1_M04958_49_000000000-JR7R4_1_1106_29629_12601_5",2
"M1Dl43_bc1_M04958_49_000000000-JR7R4_1_1106_5436_19314_3",3
"M1Dl43_bc1_M04958_49_000000000-JR7R4_1_1106_7115_19146_2",12
"M1Dl43_bc1_M04958_49_000000000-JR7R4_1_1106_7501_7002_6",1
"M1Dl43_bc1_M04958_49_000000000-JR7R4_1_1106_8336_13526_6",2
"M1Dl43_bc1_M04958_49_000000000-JR7R4_1_1106_8697_8836_2",3
"M1Dl43_bc1_M04958_49_000000000-JR7R4_1_1106_9463_17215_2",1
"M1Dl43_bc1_M04958_49_000000000-JR7R4_1_1106_9725_18809_3",13
"M1Dl43_bc1_M04958_49_000000000-JR7R4_1_1107_10489_9452_2",8
"M1Dl43_bc1_M04958_49_000000000-JR7R4_1_1107_10774_12083_2",2
"M1Dl43_bc1_M04958_49_000000000-JR7R4_1_1107_11349_8489_2",2
"M1Dl43_bc1_M04958_49_000000000-JR7R4_1_1107_12778_12856_2",4
"M1Dl43_bc1_M04958_49_000000000-JR7R4_1_1107_13674_13698_2",3
"M1Dl43_bc1_M04958_49_000000000-JR7R4_1_1107_13848_13362_2",4
"M1Dl43_bc1_M04958_49_000000000-JR7R4_1_1107_14744_3990_5",2
"M1Dl43_bc1_M04958_49_000000000-JR7R4_1_1107_14814_22994_5",1
"M1Dl43_bc1_M04958_49_000000000-JR7R4_1_1107_15580_8590_5",3
"M1Dl43_bc1_M04958_49_000000000-JR7R4_1_1107_15864_16258_2",7
"M1Dl43_bc1_M04958_49_000000000-JR7R4_1_1107_16743_10345_2",9
"M1Dl43_bc1_M04958_49_000000000-JR7R4_1_1107_16833_9287_3",6
"M1Dl43_bc1_M04958_49_000000000-JR7R4_1_1107_19358_4708_2",5
"M1Dl43_bc1_M04958_49_000000000-JR7R4_1_1107_19562_10744_3",5
"M1Dl43_bc1_M04958_49_000000000-JR7R4_1_1107_22115_7692_2",3
"M1Dl43_bc1_M04958_49_000000000-JR7R4_1_1107_22249_14617_4",6
"M1Dl43_bc1_M04958_49_000000000-JR7R4_1_1107_22536_8504_4",3
"M1Dl43_bc1_M04958_49_000000000-JR7R4_1_1107_22575_11594_2",8
"M1Dl43_bc1_M04958_49_000000000-JR7R4_1_1107_22649_16125_3",3
"M1Dl43_bc1_M04958_49_000000000-JR7R4_1_1107_22840_4042_4",2
"M1Dl43_bc1_M04958_49_000000000-JR7R4_1_1107_23624_12786_3",9
"M1Dl43_bc1_M04958_49_000000000-JR7R4_1_1107_24961_18298_4",6
"M1Dl43_bc1_M04958_49_000000000-JR7R4_1_1107_25974_19382_3",4
"M1Dl43_bc1_M04958_49_000000000-JR7R4_1_1107_26367_20726_2",9
"M1Dl43_bc1_M04958_49_000000000-JR7R4_1_1107_28621_18203_3",5
"M1Dl43_bc1_M04958_49_000000000-JR7R4_1_1107_4712_5778_4",4
"M1Dl43_bc1_M04958_49_000000000-JR7R4_1_1107_7257_12961_3",2
"M1Dl43_bc1_M04958_49_000000000-JR7R4_1_1107_7884_12994_2",3
"M1Dl43_bc1_M04958_49_000000000-JR7R4_1_1107_9216_11726_5",1
"M1Dl43_bc1_M04958_49_000000000-JR7R4_1_1108_10800_10502_3",1
"M1Dl43_bc1_M04958_49_000000000-JR7R4_1_1108_12518_15632_5",2
"M1Dl43_bc1_M04958_49_000000000-JR7R4_1_1108_12626_6538_5",3
"M1Dl43_bc1_M04958_49_000000000-JR7R4_1_1108_13240_8053_6",2
"M1Dl43_bc1_M04958_49_000000000-JR7R4_1_1108_13396_4369_3",2
"M1Dl43_bc1_M04958_49_000000000-JR7R4_1_1108_13934_15732_3",4
"M1Dl43_bc1_M04958_49_000000000-JR7R4_1_1108_14097_6073_6",5
"M1Dl43_bc1_M04958_49_000000000-JR7R4_1_1108_14117_5840_3",3
"M1Dl43_bc1_M04958_49_000000000-JR7R4_1_1108_14508_4768_4",5
"M1Dl43_bc1_M04958_49_000000000-JR7R4_1_1108_16047_15837_3",3
"M1Dl43_bc1_M04958_49_000000000-JR7R4_1_1108_16579_15729_3",3
"M1Dl43_bc1_M04958_49_000000000-JR7R4_1_1108_17686_23628_5",2
"M1Dl43_bc1_M04958_49_000000000-JR7R4_1_1108_17733_9698_2",4
"M1Dl43_bc1_M04958_49_000000000-JR7R4_1_1108_17936_17555_3",2
"M1Dl43_bc1_M04958_49_000000000-JR7R4_1_1108_19465_17234_2",7
"M1Dl43_bc1_M04958_49_000000000-JR7R4_1_1108_19596_16341_2",8
"M1Dl43_bc1_M04958_49_000000000-JR7R4_1_1108_20178_9670_3",4
"M1Dl43_bc1_M04958_49_000000000-JR7R4_1_1108_22287_14939_4",4
"M1Dl43_bc1_M04958_49_000000000-JR7R4_1_1108_22735_5955_3",2
"M1Dl43_bc1_M04958_49_000000000-JR7R4_1_1108_24944_21957_4",4
"M1Dl43_bc1_M04958_49_000000000-JR7R4_1_1108_24954_13556_4",13
"M1Dl43_bc1_M04958_49_000000000-JR7R4_1_1108_26178_8539_4",8
"M1Dl43_bc1_M04958_49_000000000-JR7R4_1_1108_26333_13123_4",4
"M1Dl43_bc1_M04958_49_000000000-JR7R4_1_1108_26346_14531_2",3
"M1Dl43_bc1_M04958_49_000000000-JR7R4_1_1108_27748_13147_4",7
"M1Dl43_bc1_M04958_49_000000000-JR7R4_1_1108_5279_6832_2",3
"M1Dl43_bc1_M04958_49_000000000-JR7R4_1_1108_6212_8315_3",3
"M1Dl43_bc1_M04958_49_000000000-JR7R4_1_1108_7364_7691_5",2
"M1Dl43_bc1_M04958_49_000000000-JR7R4_1_1108_7942_9306_3",7
"M1Dl43_bc1_M04958_49_000000000-JR7R4_1_1109_10580_19284_4",10
"M1Dl43_bc1_M04958_49_000000000-JR7R4_1_1109_11608_4694_3",4
"M1Dl43_bc1_M04958_49_000000000-JR7R4_1_1109_12679_14780_2",2
"M1Dl43_bc1_M04958_49_000000000-JR7R4_1_1109_12945_15312_3",6
"M1Dl43_bc1_M04958_49_000000000-JR7R4_1_1109_15591_19855_2",4
"M1Dl43_bc1_M04958_49_000000000-JR7R4_1_1109_16160_16724_4",8
"M1Dl43_bc1_M04958_49_000000000-JR7R4_1_1109_16398_14801_3",5
"M1Dl43_bc1_M04958_49_000000000-JR7R4_1_1109_17081_19214_2",4
"M1Dl43_bc1_M04958_49_000000000-JR7R4_1_1109_17862_12015_2",3
"M1Dl43_bc1_M04958_49_000000000-JR7R4_1_1109_18597_18819_2",3
"M1Dl43_bc1_M04958_49_000000000-JR7R4_1_1109_19828_19928_2",2
"M1Dl43_bc1_M04958_49_000000000-JR7R4_1_1109_20038_20841_2",6
"M1Dl43_bc1_M04958_49_000000000-JR7R4_1_1109_21186_11557_3",2
"M1Dl43_bc1_M04958_49_000000000-JR7R4_1_1109_21275_5327_2",3
"M1Dl43_bc1_M04958_49_000000000-JR7R4_1_1109_21326_10383_4",6
"M1Dl43_bc1_M04958_49_000000000-JR7R4_1_1109_21455_13583_4",7
"M1Dl43_bc1_M04958_49_000000000-JR7R4_1_1109_23048_4607_3",3
"M1Dl43_bc1_M04958_49_000000000-JR7R4_1_1109_23069_3078_2",4
"M1Dl43_bc1_M04958_49_000000000-JR7R4_1_1109_23743_11328_5",6
"M1Dl43_bc1_M04958_49_000000000-JR7R4_1_1109_24040_19078_3",3
"M1Dl43_bc1_M04958_49_000000000-JR7R4_1_1109_24303_16285_2",8
"M1Dl43_bc1_M04958_49_000000000-JR7R4_1_1109_25527_20714_4",8
"M1Dl43_bc1_M04958_49_000000000-JR7R4_1_1109_25998_6439_3",4
"M1Dl43_bc1_M04958_49_000000000-JR7R4_1_1109_26009_18494_5",8
"M1Dl43_bc1_M04958_49_000000000-JR7R4_1_1109_7957_10190_3",4
"M1Dl43_bc1_M04958_49_000000000-JR7R4_1_1109_8487_6681_2",3
"M1Dl43_bc1_M04958_49_000000000-JR7R4_1_1109_9050_15755_3",4
"M1Dl43_bc1_M04958_49_000000000-JR7R4_1_1109_9549_20284_4",10
"M1Dl43_bc1_M04958_49_000000000-JR7R4_1_1110_10556_11073_2",2
"M1Dl43_bc1_M04958_49_000000000-JR7R4_1_1110_11385_22947_2",4
"M1Dl43_bc1_M04958_49_000000000-JR7R4_1_1110_12818_11373_2",3
"M1Dl43_bc1_M04958_49_000000000-JR7R4_1_1110_13083_6432_4",1
"M1Dl43_bc1_M04958_49_000000000-JR7R4_1_1110_14326_12541_4",2
"M1Dl43_bc1_M04958_49_000000000-JR7R4_1_1110_15388_18398_2",5
"M1Dl43_bc1_M04958_49_000000000-JR7R4_1_1110_15608_6879_2",3
"M1Dl43_bc1_M04958_49_000000000-JR7R4_1_1110_16768_24298_2",2
"M1Dl43_bc1_M04958_49_000000000-JR7R4_1_1110_17103_21329_2",2
"M1Dl43_bc1_M04958_49_000000000-JR7R4_1_1110_17404_4921_2",6
"M1Dl43_bc1_M04958_49_000000000-JR7R4_1_1110_17924_18271_2",5
"M1Dl43_bc1_M04958_49_000000000-JR7R4_1_1110_19209_5218_2",3
"M1Dl43_bc1_M04958_49_000000000-JR7R4_1_1110_19701_15331_3",5
"M1Dl43_bc1_M04958_49_000000000-JR7R4_1_1110_20437_17441_2",4
"M1Dl43_bc1_M04958_49_000000000-JR7R4_1_1110_20922_12916_3",7
"M1Dl43_bc1_M04958_49_000000000-JR7R4_1_1110_21844_8936_3",6
"M1Dl43_bc1_M04958_49_000000000-JR7R4_1_1110_22047_21804_3",4
"M1Dl43_bc1_M04958_49_000000000-JR7R4_1_1110_22854_7198_3",4
"M1Dl43_bc1_M04958_49_000000000-JR7R4_1_1110_23643_23809_4",2
"M1Dl43_bc1_M04958_49_000000000-JR7R4_1_1110_23924_4105_2",3
"M1Dl43_bc1_M04958_49_000000000-JR7R4_1_1110_25782_9044_2",2
"M1Dl43_bc1_M04958_49_000000000-JR7R4_1_1110_6287_6757_3",7
"M1Dl43_bc1_M04958_49_000000000-JR7R4_1_1110_8761_17198_3",12
"M1Dl43_bc1_M04958_49_000000000-JR7R4_1_1110_8894_8177_3",4
"M1Dl43_bc1_M04958_49_000000000-JR7R4_1_1110_9061_13152_2",8
"M1Dl43_bc1_M04958_49_000000000-JR7R4_1_1110_9202_4490_5",3
"M1Dl43_bc1_M04958_49_000000000-JR7R4_1_1111_13810_9934_6",7
"M1Dl43_bc1_M04958_49_000000000-JR7R4_1_1111_14654_17930_5",5
"M1Dl43_bc1_M04958_49_000000000-JR7R4_1_1111_17004_21242_2",2
"M1Dl43_bc1_M04958_49_000000000-JR7R4_1_1111_17310_5912_3",7
"M1Dl43_bc1_M04958_49_000000000-JR7R4_1_1111_18270_20327_2",7
"M1Dl43_bc1_M04958_49_000000000-JR7R4_1_1111_18490_21858_2",14
"M1Dl43_bc1_M04958_49_000000000-JR7R4_1_1111_20315_14093_3",9
"M1Dl43_bc1_M04958_49_000000000-JR7R4_1_1111_20672_14791_2",2
"M1Dl43_bc1_M04958_49_000000000-JR7R4_1_1111_20964_15312_2",4
"M1Dl43_bc1_M04958_49_000000000-JR7R4_1_1111_21094_17361_3",2
"M1Dl43_bc1_M04958_49_000000000-JR7R4_1_1111_21143_14357_2",6
"M1Dl43_bc1_M04958_49_000000000-JR7R4_1_1111_22754_6516_2",6
"M1Dl43_bc1_M04958_49_000000000-JR7R4_1_1111_23519_7500_2",3
"M1Dl43_bc1_M04958_49_000000000-JR7R4_1_1111_25502_19194_3",2
"M1Dl43_bc1_M04958_49_000000000-JR7R4_1_1111_26348_12088_2",10
"M1Dl43_bc1_M04958_49_000000000-JR7R4_1_1111_26496_10843_3",12
"M1Dl43_bc1_M04958_49_000000000-JR7R4_1_1111_6621_8238_4",3
"M1Dl43_bc1_M04958_49_000000000-JR7R4_1_1111_8871_17194_2",2
"M1Dl43_bc1_M04958_49_000000000-JR7R4_1_1111_8989_18967_5",6
"M1Dl43_bc1_M04958_49_000000000-JR7R4_1_1112_10376_7435_3",4
"M1Dl43_bc1_M04958_49_000000000-JR7R4_1_1112_10586_14794_6",4
"M1Dl43_bc1_M04958_49_000000000-JR7R4_1_1112_10890_5202_5",3
"M1Dl43_bc1_M04958_49_000000000-JR7R4_1_1112_11283_12403_3",10
"M1Dl43_bc1_M04958_49_000000000-JR7R4_1_1112_11290_13282_5",5
"M1Dl43_bc1_M04958_49_000000000-JR7R4_1_1112_11525_16653_4",2
"M1Dl43_bc1_M04958_49_000000000-JR7R4_1_1112_11835_16340_4",4
"M1Dl43_bc1_M04958_49_000000000-JR7R4_1_1112_15327_16836_3",3
"M1Dl43_bc1_M04958_49_000000000-JR7R4_1_1112_15714_5551_2",1
"M1Dl43_bc1_M04958_49_000000000-JR7R4_1_1112_15731_15214_3",2
"M1Dl43_bc1_M04958_49_000000000-JR7R4_1_1112_15849_7603_2",13
"M1Dl43_bc1_M04958_49_000000000-JR7R4_1_1112_15964_16840_2",3
"M1Dl43_bc1_M04958_49_000000000-JR7R4_1_1112_16445_15109_5",7
"M1Dl43_bc1_M04958_49_000000000-JR7R4_1_1112_18472_7609_3",5
"M1Dl43_bc1_M04958_49_000000000-JR7R4_1_1112_19080_6317_2",6
"M1Dl43_bc1_M04958_49_000000000-JR7R4_1_1112_22206_14221_3",4
"M1Dl43_bc1_M04958_49_000000000-JR7R4_1_1112_22841_6391_3",2
"M1Dl43_bc1_M04958_49_000000000-JR7R4_1_1112_23370_11183_3",10
"M1Dl43_bc1_M04958_49_000000000-JR7R4_1_1112_24201_12955_4",10
"M1Dl43_bc1_M04958_49_000000000-JR7R4_1_1112_26122_5870_4",3
"M1Dl43_bc1_M04958_49_000000000-JR7R4_1_1112_4797_8127_3",3
"M1Dl43_bc1_M04958_49_000000000-JR7R4_1_1112_9366_5807_2",8
"M1Dl43_bc1_M04958_49_000000000-JR7R4_1_1112_9407_19551_3",2
"M1Dl43_bc1_M04958_49_000000000-JR7R4_1_1112_9413_10148_2",5
"M1Dl43_bc1_M04958_49_000000000-JR7R4_1_1113_10609_17696_2",7
"M1Dl43_bc1_M04958_49_000000000-JR7R4_1_1113_10914_3760_4",3
"M1Dl43_bc1_M04958_49_000000000-JR7R4_1_1113_11398_10602_5",5
"M1Dl43_bc1_M04958_49_000000000-JR7R4_1_1113_11710_18449_5",7
"M1Dl43_bc1_M04958_49_000000000-JR7R4_1_1113_11864_11716_2",4
"M1Dl43_bc1_M04958_49_000000000-JR7R4_1_1113_13050_2919_7",1
"M1Dl43_bc1_M04958_49_000000000-JR7R4_1_1113_13126_7423_4",4
"M1Dl43_bc1_M04958_49_000000000-JR7R4_1_1113_14722_7353_4",5
"M1Dl43_bc1_M04958_49_000000000-JR7R4_1_1113_14761_13782_4",4
"M1Dl43_bc1_M04958_49_000000000-JR7R4_1_1113_16336_18734_2",7
"M1Dl43_bc1_M04958_49_000000000-JR7R4_1_1113_18371_6766_4",2
"M1Dl43_bc1_M04958_49_000000000-JR7R4_1_1113_18573_2717_4",3
"M1Dl43_bc1_M04958_49_000000000-JR7R4_1_1113_18772_10824_2",7
"M1Dl43_bc1_M04958_49_000000000-JR7R4_1_1113_18892_6266_2",1
"M1Dl43_bc1_M04958_49_000000000-JR7R4_1_1113_19035_17923_3",3
"M1Dl43_bc1_M04958_49_000000000-JR7R4_1_1113_19522_3109_2",2
"M1Dl43_bc1_M04958_49_000000000-JR7R4_1_1113_19683_15148_2",4
"M1Dl43_bc1_M04958_49_000000000-JR7R4_1_1113_19985_22439_2",1
"M1Dl43_bc1_M04958_49_000000000-JR7R4_1_1113_20441_11994_4",4
"M1Dl43_bc1_M04958_49_000000000-JR7R4_1_1113_20652_7113_2",4
"M1Dl43_bc1_M04958_49_000000000-JR7R4_1_1113_21545_21174_3",9
"M1Dl43_bc1_M04958_49_000000000-JR7R4_1_1113_21952_2408_2",1
"M1Dl43_bc1_M04958_49_000000000-JR7R4_1_1113_23126_10865_3",10
"M1Dl43_bc1_M04958_49_000000000-JR7R4_1_1113_24137_14711_4",3
"M1Dl43_bc1_M04958_49_000000000-JR7R4_1_1113_25295_22465_2",4
"M1Dl43_bc1_M04958_49_000000000-JR7R4_1_1113_27323_11522_2",7
"M1Dl43_bc1_M04958_49_000000000-JR7R4_1_1113_28925_15903_6",10
"M1Dl43_bc1_M04958_49_000000000-JR7R4_1_1113_6301_4845_6",4
"M1Dl43_bc1_M04958_49_000000000-JR7R4_1_1113_8763_16680_2",6
"M1Dl43_bc1_M04958_49_000000000-JR7R4_1_1113_9128_17860_2",10
"M1Dl43_bc1_M04958_49_000000000-JR7R4_1_1114_10650_19033_5",7
"M1Dl43_bc1_M04958_49_000000000-JR7R4_1_1114_11576_6408_3",7
"M1Dl43_bc1_M04958_49_000000000-JR7R4_1_1114_11579_2149_2",3
"M1Dl43_bc1_M04958_49_000000000-JR7R4_1_1114_11594_19891_2",3
"M1Dl43_bc1_M04958_49_000000000-JR7R4_1_1114_12106_17140_2",3
"M1Dl43_bc1_M04958_49_000000000-JR7R4_1_1114_12798_7340_6",2
"M1Dl43_bc1_M04958_49_000000000-JR7R4_1_1114_14416_19637_3",5
"M1Dl43_bc1_M04958_49_000000000-JR7R4_1_1114_15884_14613_3",2
"M1Dl43_bc1_M04958_49_000000000-JR7R4_1_1114_16867_21728_3",5
"M1Dl43_bc1_M04958_49_000000000-JR7R4_1_1114_17132_10530_3",6
"M1Dl43_bc1_M04958_49_000000000-JR7R4_1_1114_18771_12816_2",4
"M1Dl43_bc1_M04958_49_000000000-JR7R4_1_1114_19092_13038_3",2
"M1Dl43_bc1_M04958_49_000000000-JR7R4_1_1114_19955_11752_4",3
"M1Dl43_bc1_M04958_49_000000000-JR7R4_1_1114_20008_10645_2",2
"M1Dl43_bc1_M04958_49_000000000-JR7R4_1_1114_20021_16801_3",3
"M1Dl43_bc1_M04958_49_000000000-JR7R4_1_1114_20579_8665_3",4
"M1Dl43_bc1_M04958_49_000000000-JR7R4_1_1114_20685_15210_5",1
"M1Dl43_bc1_M04958_49_000000000-JR7R4_1_1114_22194_21463_2",4
"M1Dl43_bc1_M04958_49_000000000-JR7R4_1_1114_22294_21962_2",2
"M1Dl43_bc1_M04958_49_000000000-JR7R4_1_1114_23790_23173_2",3
"M1Dl43_bc1_M04958_49_000000000-JR7R4_1_1114_25180_15100_2",2
"M1Dl43_bc1_M04958_49_000000000-JR7R4_1_1114_26053_6177_3",12
"M1Dl43_bc1_M04958_49_000000000-JR7R4_1_1114_26518_15286_5",1
"M1Dl43_bc1_M04958_49_000000000-JR7R4_1_1114_26817_20554_2",4
"M1Dl43_bc1_M04958_49_000000000-JR7R4_1_1114_27951_18760_2",3
"M1Dl43_bc1_M04958_49_000000000-JR7R4_1_1114_28391_15950_2",3
"M1Dl43_bc1_M04958_49_000000000-JR7R4_1_1114_6934_13639_3",2
"M1Dl43_bc1_M04958_49_000000000-JR7R4_1_1114_7428_7537_3",2
"M1Dl43_bc1_M04958_49_000000000-JR7R4_1_1114_7741_23424_2",3
"M1Dl43_bc1_M04958_49_000000000-JR7R4_1_1114_7781_3625_3",5
"M1Dl43_bc1_M04958_49_000000000-JR7R4_1_1114_7907_18590_2",2
"M1Dl43_bc1_M04958_49_000000000-JR7R4_1_1114_8103_11278_3",3
"M1Dl43_bc1_M04958_49_000000000-JR7R4_1_1114_8148_16483_2",6
"M1Dl43_bc1_M04958_49_000000000-JR7R4_1_1114_9056_15834_3",11
"M1Dl43_bc1_M04958_49_000000000-JR7R4_1_1115_11280_16120_5",4
"M1Dl43_bc1_M04958_49_000000000-JR7R4_1_1115_12578_5621_3",4
"M1Dl43_bc1_M04958_49_000000000-JR7R4_1_1115_12729_19090_2",8
"M1Dl43_bc1_M04958_49_000000000-JR7R4_1_1115_12931_17387_2",6
"M1Dl43_bc1_M04958_49_000000000-JR7R4_1_1115_14073_22854_2",2
"M1Dl43_bc1_M04958_49_000000000-JR7R4_1_1115_14085_16959_3",2
"M1Dl43_bc1_M04958_49_000000000-JR7R4_1_1115_14417_17221_8",6
"M1Dl43_bc1_M04958_49_000000000-JR7R4_1_1115_14473_21353_3",8
"M1Dl43_bc1_M04958_49_000000000-JR7R4_1_1115_14572_19935_2",2
"M1Dl43_bc1_M04958_49_000000000-JR7R4_1_1115_15307_11228_2",2
"M1Dl43_bc1_M04958_49_000000000-JR7R4_1_1115_15923_11704_2",7
"M1Dl43_bc1_M04958_49_000000000-JR7R4_1_1115_16820_10780_2",2
"M1Dl43_bc1_M04958_49_000000000-JR7R4_1_1115_17174_20795_2",2
"M1Dl43_bc1_M04958_49_000000000-JR7R4_1_1115_19070_13806_3",4
"M1Dl43_bc1_M04958_49_000000000-JR7R4_1_1115_19181_7882_2",5
"M1Dl43_bc1_M04958_49_000000000-JR7R4_1_1115_19620_15708_2",11
"M1Dl43_bc1_M04958_49_000000000-JR7R4_1_1115_22399_19440_4",3
"M1Dl43_bc1_M04958_49_000000000-JR7R4_1_1115_22609_19953_4",4
"M1Dl43_bc1_M04958_49_000000000-JR7R4_1_1115_24328_12816_3",2
"M1Dl43_bc1_M04958_49_000000000-JR7R4_1_1115_24520_23885_6",3
"M1Dl43_bc1_M04958_49_000000000-JR7R4_1_1115_24592_9137_2",7
"M1Dl43_bc1_M04958_49_000000000-JR7R4_1_1115_27172_7543_4",4
"M1Dl43_bc1_M04958_49_000000000-JR7R4_1_1115_27289_12898_2",2
"M1Dl43_bc1_M04958_49_000000000-JR7R4_1_1115_4940_17639_3",1
"M1Dl43_bc1_M04958_49_000000000-JR7R4_1_1115_7593_12702_2",2
"M1Dl43_bc1_M04958_49_000000000-JR7R4_1_1116_13176_17639_3",1
"M1Dl43_bc1_M04958_49_000000000-JR7R4_1_1116_15290_22305_4",3
"M1Dl43_bc1_M04958_49_000000000-JR7R4_1_1116_15664_5966_7",2
"M1Dl43_bc1_M04958_49_000000000-JR7R4_1_1116_15744_15005_2",2
"M1Dl43_bc1_M04958_49_000000000-JR7R4_1_1116_15921_3518_2",2
"M1Dl43_bc1_M04958_49_000000000-JR7R4_1_1116_18163_7887_3",7
"M1Dl43_bc1_M04958_49_000000000-JR7R4_1_1116_18755_14834_4",2
"M1Dl43_bc1_M04958_49_000000000-JR7R4_1_1116_20585_19972_2",3
"M1Dl43_bc1_M04958_49_000000000-JR7R4_1_1116_21621_10892_2",2
"M1Dl43_bc1_M04958_49_000000000-JR7R4_1_1116_22073_10251_2",2
"M1Dl43_bc1_M04958_49_000000000-JR7R4_1_1116_25816_12298_4",3
"M1Dl43_bc1_M04958_49_000000000-JR7R4_1_1116_26223_5327_2",7
"M1Dl43_bc1_M04958_49_000000000-JR7R4_1_1116_26352_4599_3",3
"M1Dl43_bc1_M04958_49_000000000-JR7R4_1_1116_8893_17098_3",7
"M1Dl43_bc1_M04958_49_000000000-JR7R4_1_1116_9343_21899_4",3
"M1Dl43_bc1_M04958_49_000000000-JR7R4_1_1117_10066_3061_3",1
"M1Dl43_bc1_M04958_49_000000000-JR7R4_1_1117_12243_16014_2",5
"M1Dl43_bc1_M04958_49_000000000-JR7R4_1_1117_13499_2883_4",1
"M1Dl43_bc1_M04958_49_000000000-JR7R4_1_1117_14760_9718_2",3
"M1Dl43_bc1_M04958_49_000000000-JR7R4_1_1117_18950_19486_3",1
"M1Dl43_bc1_M04958_49_000000000-JR7R4_1_1117_19574_17126_4",3
"M1Dl43_bc1_M04958_49_000000000-JR7R4_1_1117_21117_11160_2",2
"M1Dl43_bc1_M04958_49_000000000-JR7R4_1_1117_21901_14383_2",1
"M1Dl43_bc1_M04958_49_000000000-JR7R4_1_1117_22133_13358_2",8
"M1Dl43_bc1_M04958_49_000000000-JR7R4_1_1117_23004_12736_3",3
"M1Dl43_bc1_M04958_49_000000000-JR7R4_1_1117_23367_5959_2",6
"M1Dl43_bc1_M04958_49_000000000-JR7R4_1_1117_6099_10299_3",3
"M1Dl43_bc1_M04958_49_000000000-JR7R4_1_1118_12990_5205_2",9
"M1Dl43_bc1_M04958_49_000000000-JR7R4_1_1118_13527_8833_2",3
"M1Dl43_bc1_M04958_49_000000000-JR7R4_1_1118_13978_5637_2",4
"M1Dl43_bc1_M04958_49_000000000-JR7R4_1_1118_14298_5121_4",11
"M1Dl43_bc1_M04958_49_000000000-JR7R4_1_1118_17071_6472_2",7
"M1Dl43_bc1_M04958_49_000000000-JR7R4_1_1118_18744_16248_3",6
"M1Dl43_bc1_M04958_49_000000000-JR7R4_1_1118_19443_5595_2",11
"M1Dl43_bc1_M04958_49_000000000-JR7R4_1_1118_20244_20181_2",6
"M1Dl43_bc1_M04958_49_000000000-JR7R4_1_1118_21622_20292_2",3
"M1Dl43_bc1_M04958_49_000000000-JR7R4_1_1118_22692_2298_4",2
"M1Dl43_bc1_M04958_49_000000000-JR7R4_1_1118_24726_8221_4",3
"M1Dl43_bc1_M04958_49_000000000-JR7R4_1_1118_28001_10367_3",3
"M1Dl43_bc1_M04958_49_000000000-JR7R4_1_1118_5028_16079_2",2
"M1Dl43_bc1_M04958_49_000000000-JR7R4_1_1118_7000_12118_3",5
"M1Dl43_bc1_M04958_49_000000000-JR7R4_1_1118_9619_15609_2",5
"M1Dl43_bc1_M04958_49_000000000-JR7R4_1_1118_9709_13805_2",3
"M1Dl43_bc1_M04958_49_000000000-JR7R4_1_1118_9736_3618_2",7
"M1Dl43_bc1_M04958_49_000000000-JR7R4_1_1119_10051_2611_4",5
"M1Dl43_bc1_M04958_49_000000000-JR7R4_1_1119_10459_17263_2",7
"M1Dl43_bc1_M04958_49_000000000-JR7R4_1_1119_11428_14760_2",5
"M1Dl43_bc1_M04958_49_000000000-JR7R4_1_1119_11604_21947_3",2
"M1Dl43_bc1_M04958_49_000000000-JR7R4_1_1119_13188_14893_2",3
"M1Dl43_bc1_M04958_49_000000000-JR7R4_1_1119_14747_17442_2",1
"M1Dl43_bc1_M04958_49_000000000-JR7R4_1_1119_15970_21763_2",8
"M1Dl43_bc1_M04958_49_000000000-JR7R4_1_1119_17188_19118_5",3
"M1Dl43_bc1_M04958_49_000000000-JR7R4_1_1119_17915_2287_3",5
"M1Dl43_bc1_M04958_49_000000000-JR7R4_1_1119_18355_18609_3",4
"M1Dl43_bc1_M04958_49_000000000-JR7R4_1_1119_18434_5027_3",4
"M1Dl43_bc1_M04958_49_000000000-JR7R4_1_1119_21480_8842_4",3
"M1Dl43_bc1_M04958_49_000000000-JR7R4_1_1119_21825_11345_2",3
"M1Dl43_bc1_M04958_49_000000000-JR7R4_1_1119_23135_2673_2",7
"M1Dl43_bc1_M04958_49_000000000-JR7R4_1_1119_25095_15634_5",6
"M1Dl43_bc1_M04958_49_000000000-JR7R4_1_1119_26409_9987_2",3
"M1Dl43_bc1_M04958_49_000000000-JR7R4_1_1119_4334_6437_2",5
"M1Dl43_bc1_M04958_49_000000000-JR7R4_1_2101_10927_8663_2",10
"M1Dl43_bc1_M04958_49_000000000-JR7R4_1_2101_17716_16895_3",8
"M1Dl43_bc1_M04958_49_000000000-JR7R4_1_2101_19610_17457_3",11
"M1Dl43_bc1_M04958_49_000000000-JR7R4_1_2101_20244_15169_3",6
"M1Dl43_bc1_M04958_49_000000000-JR7R4_1_2101_24466_12995_2",7
"M1Dl43_bc1_M04958_49_000000000-JR7R4_1_2101_6317_7883_4",2
"M1Dl43_bc1_M04958_49_000000000-JR7R4_1_2101_9403_18664_3",6
"M1Dl43_bc1_M04958_49_000000000-JR7R4_1_2102_12263_15340_2",5
"M1Dl43_bc1_M04958_49_000000000-JR7R4_1_2102_12733_22300_2",2
"M1Dl43_bc1_M04958_49_000000000-JR7R4_1_2102_13260_17336_2",13
"M1Dl43_bc1_M04958_49_000000000-JR7R4_1_2102_13397_10555_4",6
"M1Dl43_bc1_M04958_49_000000000-JR7R4_1_2102_18447_5748_2",2
"M1Dl43_bc1_M04958_49_000000000-JR7R4_1_2102_18517_7425_3",3
"M1Dl43_bc1_M04958_49_000000000-JR7R4_1_2102_18745_12404_6",1
"M1Dl43_bc1_M04958_49_000000000-JR7R4_1_2102_27914_11964_2",5
"M1Dl43_bc1_M04958_49_000000000-JR7R4_1_2102_7173_19612_2",6
"M1Dl43_bc1_M04958_49_000000000-JR7R4_1_2102_7562_13400_3",3
"M1Dl43_bc1_M04958_49_000000000-JR7R4_1_2102_7951_7139_2",8
"M1Dl43_bc1_M04958_49_000000000-JR7R4_1_2103_10689_7905_5",10
"M1Dl43_bc1_M04958_49_000000000-JR7R4_1_2103_10894_15319_4",3
"M1Dl43_bc1_M04958_49_000000000-JR7R4_1_2103_11245_16914_5",4
"M1Dl43_bc1_M04958_49_000000000-JR7R4_1_2103_12864_11455_2",4
"M1Dl43_bc1_M04958_49_000000000-JR7R4_1_2103_12914_5565_3",3
"M1Dl43_bc1_M04958_49_000000000-JR7R4_1_2103_16871_15315_2",2
"M1Dl43_bc1_M04958_49_000000000-JR7R4_1_2103_18686_14594_2",2
"M1Dl43_bc1_M04958_49_000000000-JR7R4_1_2103_20786_10800_3",2
"M1Dl43_bc1_M04958_49_000000000-JR7R4_1_2103_20885_10428_2",2
"M1Dl43_bc1_M04958_49_000000000-JR7R4_1_2103_22008_18144_3",2
"M1Dl43_bc1_M04958_49_000000000-JR7R4_1_2103_22314_3887_5",10
"M1Dl43_bc1_M04958_49_000000000-JR7R4_1_2103_9037_9966_3",7
"M1Dl43_bc1_M04958_49_000000000-JR7R4_1_2104_10419_20061_2",3
"M1Dl43_bc1_M04958_49_000000000-JR7R4_1_2104_11132_16772_2",4
"M1Dl43_bc1_M04958_49_000000000-JR7R4_1_2104_13176_8896_2",2
"M1Dl43_bc1_M04958_49_000000000-JR7R4_1_2104_13401_19217_2",9
"M1Dl43_bc1_M04958_49_000000000-JR7R4_1_2104_19921_16671_4",4
"M1Dl43_bc1_M04958_49_000000000-JR7R4_1_2104_21617_17575_2",8
"M1Dl43_bc1_M04958_49_000000000-JR7R4_1_2104_21699_10869_4",2
"M1Dl43_bc1_M04958_49_000000000-JR7R4_1_2104_23019_4987_3",2
"M1Dl43_bc1_M04958_49_000000000-JR7R4_1_2105_10537_4158_3",6
"M1Dl43_bc1_M04958_49_000000000-JR7R4_1_2105_10773_9706_3",3
"M1Dl43_bc1_M04958_49_000000000-JR7R4_1_2105_18214_20284_4",8
"M1Dl43_bc1_M04958_49_000000000-JR7R4_1_2105_18864_11764_2",2
"M1Dl43_bc1_M04958_49_000000000-JR7R4_1_2105_18993_20029_4",7
"M1Dl43_bc1_M04958_49_000000000-JR7R4_1_2105_23752_4931_2",7
"M1Dl43_bc1_M04958_49_000000000-JR7R4_1_2105_24548_7852_4",6
"M1Dl43_bc1_M04958_49_000000000-JR7R4_1_2105_26874_16560_2",2
"M1Dl43_bc1_M04958_49_000000000-JR7R4_1_2105_7188_13489_2",5
"M1Dl43_bc1_M04958_49_000000000-JR7R4_1_2105_7360_15047_2",2
"M1Dl43_bc1_M04958_49_000000000-JR7R4_1_2106_12806_9063_2",4
"M1Dl43_bc1_M04958_49_000000000-JR7R4_1_2106_13057_20431_3",3
"M1Dl43_bc1_M04958_49_000000000-JR7R4_1_2106_14346_18641_2",3
"M1Dl43_bc1_M04958_49_000000000-JR7R4_1_2106_17401_4076_3",2
"M1Dl43_bc1_M04958_49_000000000-JR7R4_1_2106_19521_19526_2",7
"M1Dl43_bc1_M04958_49_000000000-JR7R4_1_2106_20516_3277_3",3
"M1Dl43_bc1_M04958_49_000000000-JR7R4_1_2106_7047_5213_2",7
"M1Dl43_bc1_M04958_49_000000000-JR7R4_1_2107_11975_3338_2",8
"M1Dl43_bc1_M04958_49_000000000-JR7R4_1_2107_17413_8099_4",5
"M1Dl43_bc1_M04958_49_000000000-JR7R4_1_2107_18817_20361_3",7
"M1Dl43_bc1_M04958_49_000000000-JR7R4_1_2108_10111_13937_2",4
"M1Dl43_bc1_M04958_49_000000000-JR7R4_1_2108_10248_5516_4",4
"M1Dl43_bc1_M04958_49_000000000-JR7R4_1_2108_11743_10171_2",4
"M1Dl43_bc1_M04958_49_000000000-JR7R4_1_2108_12646_3690_2",1
"M1Dl43_bc1_M04958_49_000000000-JR7R4_1_2108_13547_8784_2",4
"M1Dl43_bc1_M04958_49_000000000-JR7R4_1_2108_16712_11913_2",2
"M1Dl43_bc1_M04958_49_000000000-JR7R4_1_2108_17331_5503_2",2
"M1Dl43_bc1_M04958_49_000000000-JR7R4_1_2108_17827_11129_2",5
"M1Dl43_bc1_M04958_49_000000000-JR7R4_1_2108_19637_4701_2",5
"M1Dl43_bc1_M04958_49_000000000-JR7R4_1_2108_20305_6497_2",9
"M1Dl43_bc1_M04958_49_000000000-JR7R4_1_2108_21831_22324_2",4
"M1Dl43_bc1_M04958_49_000000000-JR7R4_1_2108_5013_4744_2",7
"M1Dl43_bc1_M04958_49_000000000-JR7R4_1_2108_8800_10802_3",4
"M1Dl43_bc1_M04958_49_000000000-JR7R4_1_2109_10388_15573_2",5
"M1Dl43_bc1_M04958_49_000000000-JR7R4_1_2109_13657_5315_2",4
"M1Dl43_bc1_M04958_49_000000000-JR7R4_1_2109_14045_7873_4",2
"M1Dl43_bc1_M04958_49_000000000-JR7R4_1_2109_14418_14939_3",4
"M1Dl43_bc1_M04958_49_000000000-JR7R4_1_2109_14490_4996_2",9
"M1Dl43_bc1_M04958_49_000000000-JR7R4_1_2109_14650_4692_2",6
"M1Dl43_bc1_M04958_49_000000000-JR7R4_1_2109_16553_21652_2",3
"M1Dl43_bc1_M04958_49_000000000-JR7R4_1_2109_16989_7114_2",9
"M1Dl43_bc1_M04958_49_000000000-JR7R4_1_2109_18543_9198_2",3
"M1Dl43_bc1_M04958_49_000000000-JR7R4_1_2109_5167_9750_2",4
"M1Dl43_bc1_M04958_49_000000000-JR7R4_1_2109_7706_13986_2",8
"M1Dl43_bc1_M04958_49_000000000-JR7R4_1_2109_8208_6717_2",6
"M1Dl43_bc1_M04958_49_000000000-JR7R4_1_2110_12720_5993_3",4
"M1Dl43_bc1_M04958_49_000000000-JR7R4_1_2110_12964_3051_3",2
"M1Dl43_bc1_M04958_49_000000000-JR7R4_1_2110_13013_16229_2",2
"M1Dl43_bc1_M04958_49_000000000-JR7R4_1_2110_14009_5378_4",2
"M1Dl43_bc1_M04958_49_000000000-JR7R4_1_2110_17108_6228_4",5
"M1Dl43_bc1_M04958_49_000000000-JR7R4_1_2110_20270_13774_2",5
"M1Dl43_bc1_M04958_49_000000000-JR7R4_1_2110_20271_12580_2",4
"M1Dl43_bc1_M04958_49_000000000-JR7R4_1_2110_23841_14031_2",3
"M1Dl43_bc1_M04958_49_000000000-JR7R4_1_2110_23935_10563_3",5
"M1Dl43_bc1_M04958_49_000000000-JR7R4_1_2110_25999_17244_2",2
"M1Dl43_bc1_M04958_49_000000000-JR7R4_1_2110_29050_14106_2",7
"M1Dl43_bc1_M04958_49_000000000-JR7R4_1_2111_20533_20294_2",9
"M1Dl43_bc1_M04958_49_000000000-JR7R4_1_2111_23092_15555_2",10
"M1Dl43_bc1_M04958_49_000000000-JR7R4_1_2111_23107_21186_2",5
"M1Dl43_bc1_M04958_49_000000000-JR7R4_1_2111_25647_17133_2",10
"M1Dl43_bc1_M04958_49_000000000-JR7R4_1_2111_28476_11713_2",14
"M1Dl43_bc1_M04958_49_000000000-JR7R4_1_2111_6900_2508_2",8
"M1Dl43_bc1_M04958_49_000000000-JR7R4_1_2111_6954_5754_2",7
"M1Dl43_bc1_M04958_49_000000000-JR7R4_1_2111_9666_8293_2",3
"M1Dl43_bc1_M04958_49_000000000-JR7R4_1_2111_9959_17018_2",4
"M1Dl43_bc1_M04958_49_000000000-JR7R4_1_2111_9979_10410_2",9
"M1Dl43_bc1_M04958_49_000000000-JR7R4_1_2112_11382_8388_2",4
"M1Dl43_bc1_M04958_49_000000000-JR7R4_1_2112_14262_17024_2",4
"M1Dl43_bc1_M04958_49_000000000-JR7R4_1_2112_14269_23587_3",13
"M1Dl43_bc1_M04958_49_000000000-JR7R4_1_2112_15089_5161_3",6
"M1Dl43_bc1_M04958_49_000000000-JR7R4_1_2112_17176_11415_3",6
"M1Dl43_bc1_M04958_49_000000000-JR7R4_1_2112_21641_4818_3",3
"M1Dl43_bc1_M04958_49_000000000-JR7R4_1_2112_24873_3381_6",4
"M1Dl43_bc1_M04958_49_000000000-JR7R4_1_2112_26551_11726_2",12
"M1Dl43_bc1_M04958_49_000000000-JR7R4_1_2112_5036_16123_4",5
"M1Dl43_bc1_M04958_49_000000000-JR7R4_1_2112_7940_10159_3",6
"M1Dl43_bc1_M04958_49_000000000-JR7R4_1_2112_8074_9290_2",3
"M1Dl43_bc1_M04958_49_000000000-JR7R4_1_2113_11115_8253_3",6
"M1Dl43_bc1_M04958_49_000000000-JR7R4_1_2113_13095_12532_2",8
"M1Dl43_bc1_M04958_49_000000000-JR7R4_1_2113_19131_20583_2",3
"M1Dl43_bc1_M04958_49_000000000-JR7R4_1_2113_22802_16177_2",7
"M1Dl43_bc1_M04958_49_000000000-JR7R4_1_2114_12828_22184_2",5
"M1Dl43_bc1_M04958_49_000000000-JR7R4_1_2114_14650_7947_3",2
"M1Dl43_bc1_M04958_49_000000000-JR7R4_1_2114_16547_14778_2",9
"M1Dl43_bc1_M04958_49_000000000-JR7R4_1_2114_18287_5077_4",10
"M1Dl43_bc1_M04958_49_000000000-JR7R4_1_2114_19106_17477_3",6
"M1Dl43_bc1_M04958_49_000000000-JR7R4_1_2114_23188_18383_2",3
"M1Dl43_bc1_M04958_49_000000000-JR7R4_1_2114_24483_14876_3",3
"M1Dl43_bc1_M04958_49_000000000-JR7R4_1_2114_25809_4102_2",9
"M1Dl43_bc1_M04958_49_000000000-JR7R4_1_2114_9626_4668_2",4
"M1Dl43_bc1_M04958_49_000000000-JR7R4_1_2115_12907_5157_2",4
"M1Dl43_bc1_M04958_49_000000000-JR7R4_1_2115_19181_4737_2",5
"M1Dl43_bc1_M04958_49_000000000-JR7R4_1_2115_4715_18954_2",9
"M1Dl43_bc1_M04958_49_000000000-JR7R4_1_2116_22283_19318_2",4
"M1Dl43_bc1_M04958_49_000000000-JR7R4_1_2117_10481_22267_3",3
"M1Dl43_bc1_M04958_49_000000000-JR7R4_1_2117_11540_13020_2",3
"M1Dl43_bc1_M04958_49_000000000-JR7R4_1_2117_11901_2893_3",8
"M1Dl43_bc1_M04958_49_000000000-JR7R4_1_2117_23322_20919_2",4
"M1Dl43_bc1_M04958_49_000000000-JR7R4_1_2118_11656_18807_2",2
"M1Dl43_bc1_M04958_49_000000000-JR7R4_1_2118_11821_13851_2",3
"M1Dl43_bc1_M04958_49_000000000-JR7R4_1_2118_11929_16106_3",8
"M1Dl43_bc1_M04958_49_000000000-JR7R4_1_2118_12177_15935_3",3
"M1Dl43_bc1_M04958_49_000000000-JR7R4_1_2118_21835_23210_2",2
"M1Dl43_bc1_M04958_49_000000000-JR7R4_1_2118_24154_4858_2",3
"M1Dl43_bc1_M04958_49_000000000-JR7R4_1_2118_27931_16304_2",3
"M1Dl43_bc1_M04958_49_000000000-JR7R4_1_2119_11222_18328_2",3
"M1Dl43_bc1_M04958_49_000000000-JR7R4_1_2119_14593_13305_2",3
"M1Dl43_bc1_M04958_49_000000000-JR7R4_1_2119_18263_4372_2",3
